Year,Region,Hour,CO2_Storage,value
2050,UK,4,Saline_aquifer_offshore,35.441383949999995
2050,UK,6,Saline_aquifer_offshore,28.89570915
2050,UK,7,Saline_aquifer_offshore,26.484144749999995
2050,UK,9,Saline_aquifer_offshore,6.864345047363636
2050,FR,13,Saline_aquifer_offshore,0.394962966922094
2050,DK,13,Saline_aquifer_offshore,0.2494502948981676
2050,UK,13,Saline_aquifer_offshore,31.4189662172723
2050,FR,14,Saline_aquifer_offshore,0.03039999999995613
2050,DK,14,Saline_aquifer_offshore,0.01919999999999325
2050,UK,14,Saline_aquifer_offshore,35.512723587722085
2050,DE,15,Saline_aquifer_offshore,1.3670428148348037
2050,FR,15,Saline_aquifer_offshore,0.030400000000010405
2050,DK,15,Saline_aquifer_offshore,0.019199999999990097
2050,UK,15,Saline_aquifer_offshore,58.51686013662479
2050,DE,16,Saline_aquifer_offshore,0.09119999999989692
2050,FR,16,Saline_aquifer_offshore,0.030399999999985994
2050,DK,16,Saline_aquifer_offshore,0.01919999999999774
2050,UK,16,Saline_aquifer_offshore,39.66036981367257
2050,DE,17,Saline_aquifer_offshore,0.09120000000001095
2050,FR,17,Saline_aquifer_offshore,0.03040000000001868
2050,DK,17,Saline_aquifer_offshore,0.01919999999997842
2050,UK,17,Saline_aquifer_offshore,40.67917046705568
2050,DE,18,Saline_aquifer_offshore,0.09119999999989677
2050,FR,18,Saline_aquifer_offshore,0.03039999999999313
2050,DK,18,Saline_aquifer_offshore,0.019200000000008134
2050,UK,18,Saline_aquifer_offshore,41.58341814066453
2050,DE,19,Saline_aquifer_offshore,0.09119999999998524
2050,FR,19,Saline_aquifer_offshore,0.030399999999939725
2050,DK,19,Saline_aquifer_offshore,0.019200000000012096
2050,UK,19,Saline_aquifer_offshore,42.35987836530445
2050,DE,20,Saline_aquifer_offshore,0.09119999999995798
2050,FR,20,Saline_aquifer_offshore,0.03040000000000258
2050,DK,20,Saline_aquifer_offshore,0.019199999999966924
2050,UK,20,Saline_aquifer_offshore,43.02521520056278
2050,DE,21,Saline_aquifer_offshore,0.0911999999999992
2050,FR,21,Saline_aquifer_offshore,0.03039999999998469
2050,DK,21,Saline_aquifer_offshore,0.019199999999995658
2050,UK,21,Saline_aquifer_offshore,43.682220006027016
2050,DE,22,Saline_aquifer_offshore,0.09119999999992251
2050,FR,22,Saline_aquifer_offshore,0.030399999999973323
2050,DK,22,Saline_aquifer_offshore,0.019200000000003815
2050,UK,22,Saline_aquifer_offshore,62.11007315566934
2050,DE,23,Saline_aquifer_offshore,0.09120000000004659
2050,FR,23,Saline_aquifer_offshore,0.030399999999978358
2050,DK,23,Saline_aquifer_offshore,0.019199999999982183
2050,UK,23,Saline_aquifer_offshore,54.27228097594458
2050,DE,24,Saline_aquifer_offshore,0.09119999999989399
2050,FR,24,Saline_aquifer_offshore,0.030399999999985994
2050,DK,24,Saline_aquifer_offshore,0.019200000000006785
2050,UK,24,Saline_aquifer_offshore,49.41219082288494
2050,DE,25,Saline_aquifer_offshore,0.09120000000001094
2050,FR,25,Saline_aquifer_offshore,0.030399999999961833
2050,DK,25,Saline_aquifer_offshore,0.01919999999998314
2050,UK,25,Saline_aquifer_offshore,55.97624756561373
2050,DE,26,Saline_aquifer_offshore,0.09119999999991998
2050,FR,26,Saline_aquifer_offshore,0.030399999999993117
2050,DK,26,Saline_aquifer_offshore,0.019199999999987286
2050,UK,26,Saline_aquifer_offshore,76.01406390382004
2040,DE,77,Saline_aquifer_offshore,3.9161380000000308
2040,DK,77,Saline_aquifer_offshore,1.5237859999999797
2040,DE,78,Saline_aquifer_offshore,3.9161380000000534
2040,DK,78,Saline_aquifer_offshore,1.4047160000000831
2040,DE,79,Saline_aquifer_offshore,3.9161380000000023
2040,DK,79,Saline_aquifer_offshore,1.357087999999952
2040,DE,80,Saline_aquifer_offshore,3.916138000000028
2040,DK,80,Saline_aquifer_offshore,1.3253360000000582
2040,DE,81,Saline_aquifer_offshore,3.916137999999963
2040,DK,81,Saline_aquifer_offshore,1.3253360000000223
2040,DE,82,Saline_aquifer_offshore,3.916138000000014
2040,DK,82,Saline_aquifer_offshore,1.3332739999999796
2040,DE,83,Saline_aquifer_offshore,17.72921560240012
2040,DK,83,Saline_aquifer_offshore,4.193851331600084
2040,DE,84,Saline_aquifer_offshore,11.357444488399997
2040,DK,84,Saline_aquifer_offshore,3.166536273600009
2040,DE,85,Saline_aquifer_offshore,4.980169860000031
2040,DK,85,Saline_aquifer_offshore,2.5377621844000586
2040,DE,86,Saline_aquifer_offshore,3.9399520000000536
2040,DK,86,Saline_aquifer_offshore,2.792907674800021
2040,DE,87,Saline_aquifer_offshore,6.4404220000000425
2040,DK,87,Saline_aquifer_offshore,1.6031660000000827
2040,DE,88,Saline_aquifer_offshore,10.512616000000028
2040,DK,88,Saline_aquifer_offshore,1.6904839999999781
2040,DE,89,Saline_aquifer_offshore,14.513368000000076
2040,DK,89,Saline_aquifer_offshore,1.9603760000000248
2040,DE,90,Saline_aquifer_offshore,12.584434000000012
2040,DK,90,Saline_aquifer_offshore,4.103636000000022
2040,DE,91,Saline_aquifer_offshore,12.543351261821435
2040,DK,91,Saline_aquifer_offshore,6.310399999999979
2040,DE,92,Saline_aquifer_offshore,22.063230901333327
2040,DK,92,Saline_aquifer_offshore,8.556854000000024
2040,DE,93,Saline_aquifer_offshore,23.485455924933476
2040,DK,93,Saline_aquifer_offshore,8.636234000000009
2040,DE,94,Saline_aquifer_offshore,35.23780147773327
2040,DK,94,Saline_aquifer_offshore,8.747366
2040,DE,95,Saline_aquifer_offshore,39.79582491813341
2040,FR,95,Saline_aquifer_offshore,17.70180552240008
2040,DK,95,Saline_aquifer_offshore,8.882312000000077
2040,DE,96,Saline_aquifer_offshore,39.21575141480004
2040,FR,96,Saline_aquifer_offshore,21.70477497479972
2040,DK,96,Saline_aquifer_offshore,11.505295538133304
2040,DE,97,Saline_aquifer_offshore,30.170174364133366
2040,FR,97,Saline_aquifer_offshore,11.144754000000507
2040,DK,97,Saline_aquifer_offshore,9.422096000000035
2040,DE,98,Saline_aquifer_offshore,14.989647999999962
2040,FR,98,Saline_aquifer_offshore,11.549591999999954
2040,DK,98,Saline_aquifer_offshore,9.691988000000007
2040,DE,99,Saline_aquifer_offshore,20.062030000000014
2040,FR,99,Saline_aquifer_offshore,11.533715999999647
2040,DK,99,Saline_aquifer_offshore,9.652297999999979
2040,DE,100,Saline_aquifer_offshore,20.347798000000118
2040,FR,100,Saline_aquifer_offshore,10.374768000000715
2040,DK,100,Saline_aquifer_offshore,9.080762000000027
2040,DE,101,Saline_aquifer_offshore,23.062593999999994
2040,FR,101,Saline_aquifer_offshore,9.231696000000083
2040,DK,101,Saline_aquifer_offshore,8.548916000000009
2040,DE,102,Saline_aquifer_offshore,25.95585840756266
2040,FR,102,Saline_aquifer_offshore,8.310888000000169
2040,DK,102,Saline_aquifer_offshore,8.271086
2040,DE,103,Saline_aquifer_offshore,27.39439260847598
2040,FR,103,Saline_aquifer_offshore,7.65997200000005
2040,DK,103,Saline_aquifer_offshore,7.9456280000000765
2040,DE,104,Saline_aquifer_offshore,32.39768199999997
2040,FR,104,Saline_aquifer_offshore,7.271009999999954
2040,DK,104,Saline_aquifer_offshore,7.897999999999969
2040,DE,105,Saline_aquifer_offshore,23.443618000000015
2040,FR,105,Saline_aquifer_offshore,14.847783853066765
2040,DK,105,Saline_aquifer_offshore,7.3979060000000345
2050,DK,105,Saline_aquifer_offshore,1.5108996343624663
2050,UK,105,Saline_aquifer_offshore,3.8719640318181803
2040,DE,106,Saline_aquifer_offshore,23.584541673333455
2050,DE,106,Saline_aquifer_offshore,7.267255585895402
2040,FR,106,Saline_aquifer_offshore,36.16544090946693
2040,DK,106,Saline_aquifer_offshore,7.0089440000000085
2050,DK,106,Saline_aquifer_offshore,0.01919999999996316
2050,UK,106,Saline_aquifer_offshore,14.297131799999999
2040,DE,107,Saline_aquifer_offshore,26.57482105719999
2050,DE,107,Saline_aquifer_offshore,0.09119999999995798
2040,FR,107,Saline_aquifer_offshore,27.151073610666874
2040,DK,107,Saline_aquifer_offshore,6.750481610533314
2050,DK,107,Saline_aquifer_offshore,0.019199999999998295
2050,UK,107,Saline_aquifer_offshore,13.715772524999998
2040,DE,108,Saline_aquifer_offshore,37.40859069600003
2050,DE,108,Saline_aquifer_offshore,0.0911999999999992
2040,FR,108,Saline_aquifer_offshore,19.490926028666685
2050,FR,108,Saline_aquifer_offshore,0.9269583355673934
2040,DK,108,Saline_aquifer_offshore,11.410857118933361
2050,DK,108,Saline_aquifer_offshore,0.019200000000012096
2050,UK,108,Saline_aquifer_offshore,15.438318525
2040,DE,109,Saline_aquifer_offshore,41.739912915733385
2050,DE,109,Saline_aquifer_offshore,0.09119999999992251
2040,FR,109,Saline_aquifer_offshore,29.985058382666754
2050,FR,109,Saline_aquifer_offshore,1.5860171163134107
2040,DK,109,Saline_aquifer_offshore,6.187659286811737
2050,DK,109,Saline_aquifer_offshore,0.019199999999966924
2050,UK,109,Saline_aquifer_offshore,22.751501158094037
2040,DE,110,Saline_aquifer_offshore,40.65283632773336
2050,DE,110,Saline_aquifer_offshore,0.09120000000004659
2040,FR,110,Saline_aquifer_offshore,33.49006413466684
2050,FR,110,Saline_aquifer_offshore,0.03039999999999843
2040,DK,110,Saline_aquifer_offshore,0.019199999999972128
2050,DK,110,Saline_aquifer_offshore,0.019199999999995658
2050,UK,110,Saline_aquifer_offshore,26.508175807047362
2040,DE,111,Saline_aquifer_offshore,42.25667800000003
2050,DE,111,Saline_aquifer_offshore,0.09119999999989399
2040,FR,111,Saline_aquifer_offshore,26.584305118465352
2050,FR,111,Saline_aquifer_offshore,0.030399999999985994
2040,DK,111,Saline_aquifer_offshore,0.019199999999982016
2050,DK,111,Saline_aquifer_offshore,0.019200000000003815
2050,UK,111,Saline_aquifer_offshore,28.286807299471455
2040,DE,112,Saline_aquifer_offshore,52.13952296773329
2050,DE,112,Saline_aquifer_offshore,0.09120000000001094
2040,FR,112,Saline_aquifer_offshore,0.030399999999961125
2050,FR,112,Saline_aquifer_offshore,0.03040000000001868
2040,DK,112,Saline_aquifer_offshore,0.01919999999997167
2050,DK,112,Saline_aquifer_offshore,0.019199999999982183
2050,UK,112,Saline_aquifer_offshore,29.967515197719962
2040,DE,113,Saline_aquifer_offshore,46.30046421973334
2050,DE,113,Saline_aquifer_offshore,0.09119999999995798
2040,FR,113,Saline_aquifer_offshore,0.030399999999968938
2050,FR,113,Saline_aquifer_offshore,0.03039999999999313
2040,DK,113,Saline_aquifer_offshore,0.019200000000018022
2050,DK,113,Saline_aquifer_offshore,0.019200000000006785
2050,UK,113,Saline_aquifer_offshore,31.200265274061003
2040,DE,114,Saline_aquifer_offshore,50.95406427693345
2050,DE,114,Saline_aquifer_offshore,0.0911999999999992
2040,FR,114,Saline_aquifer_offshore,0.03040000000001443
2050,FR,114,Saline_aquifer_offshore,0.030399999999939725
2040,DK,114,Saline_aquifer_offshore,0.01919999999996316
2050,DK,114,Saline_aquifer_offshore,0.019200000000012096
2050,UK,114,Saline_aquifer_offshore,32.2753640466393
2040,DE,115,Saline_aquifer_offshore,42.76611767173862
2050,DE,115,Saline_aquifer_offshore,0.09119999999992251
2040,FR,115,Saline_aquifer_offshore,0.030400000000010793
2050,FR,115,Saline_aquifer_offshore,0.03040000000000258
2040,DK,115,Saline_aquifer_offshore,0.019199999999998295
2050,DK,115,Saline_aquifer_offshore,0.019199999999966924
2050,UK,115,Saline_aquifer_offshore,22.210733540960042
2040,DE,116,Saline_aquifer_offshore,13.130906928675586
2050,DE,116,Saline_aquifer_offshore,0.09120000000004659
2040,FR,116,Saline_aquifer_offshore,0.030399999999988356
2050,FR,116,Saline_aquifer_offshore,0.03039999999998469
2040,DK,116,Saline_aquifer_offshore,0.019200000000012096
2050,DK,116,Saline_aquifer_offshore,0.019199999999995658
2050,UK,116,Saline_aquifer_offshore,32.10638083217966
2040,DE,117,Saline_aquifer_offshore,0.09119999999996509
2050,DE,117,Saline_aquifer_offshore,0.09119999999989399
2040,FR,117,Saline_aquifer_offshore,0.030399999999970506
2050,FR,117,Saline_aquifer_offshore,0.030399999999973323
2040,DK,117,Saline_aquifer_offshore,0.019199999999966924
2050,DK,117,Saline_aquifer_offshore,0.019200000000003815
2050,UK,117,Saline_aquifer_offshore,33.64042365308096
2040,DE,118,Saline_aquifer_offshore,0.09119999999991571
2050,DE,118,Saline_aquifer_offshore,0.09120000000001094
2040,FR,118,Saline_aquifer_offshore,0.03039999999999104
2050,FR,118,Saline_aquifer_offshore,0.030399999999978358
2040,DK,118,Saline_aquifer_offshore,0.019199999999995658
2050,DK,118,Saline_aquifer_offshore,0.019199999999982183
2050,UK,118,Saline_aquifer_offshore,35.62911556920878
2040,DE,119,Saline_aquifer_offshore,0.09119999999991894
2050,DE,119,Saline_aquifer_offshore,0.09119999999991998
2040,FR,119,Saline_aquifer_offshore,0.030399999999985994
2050,FR,119,Saline_aquifer_offshore,0.030399999999985994
2040,DK,119,Saline_aquifer_offshore,0.019200000000003815
2050,DK,119,Saline_aquifer_offshore,0.019200000000006785
2050,UK,119,Saline_aquifer_offshore,36.77160632530217
2040,DE,120,Saline_aquifer_offshore,0.0912000000000679
2050,DE,120,Saline_aquifer_offshore,0.09119999999993951
2040,FR,120,Saline_aquifer_offshore,0.03040000000001868
2050,FR,120,Saline_aquifer_offshore,0.03040000000001868
2040,DK,120,Saline_aquifer_offshore,0.019199999999982183
2050,DK,120,Saline_aquifer_offshore,0.01919999999998314
2050,UK,120,Saline_aquifer_offshore,36.82898938303458
2040,FR,1,Saline_aquifer_onshore,10.96875
2040,FR,2,Saline_aquifer_onshore,13.827996000000002
2040,FR,3,Saline_aquifer_onshore,14.932432658503078
2040,FR,4,Saline_aquifer_onshore,13.129452
2040,FR,5,Saline_aquifer_onshore,11.86731
2040,FR,6,Saline_aquifer_onshore,10.904862857142856
2050,FR,6,Saline_aquifer_onshore,1.3820544460759265
2040,FR,7,Saline_aquifer_onshore,9.811368
2040,FR,8,Saline_aquifer_onshore,10.583562857142857
2040,FR,9,Saline_aquifer_onshore,9.414468
2040,FR,10,Saline_aquifer_onshore,19.046590354516773
2040,FR,11,Saline_aquifer_onshore,9.498570575173037
2040,FR,12,Saline_aquifer_onshore,21.121680033411423
2040,FR,13,Saline_aquifer_onshore,37.446295043547416
2050,FR,13,Saline_aquifer_onshore,1.6123162406307134
2050,DE,14,Saline_aquifer_onshore,0.8506469412507158
2040,FR,14,Saline_aquifer_onshore,55.254043600277
2050,FR,14,Saline_aquifer_onshore,0.23039999999997957
2050,DE,15,Saline_aquifer_onshore,0.060799999999956715
2040,FR,15,Saline_aquifer_onshore,68.20714320270325
2050,FR,15,Saline_aquifer_onshore,0.23039999999991778
2050,DE,16,Saline_aquifer_onshore,0.06079999999997199
2040,FR,16,Saline_aquifer_onshore,71.79912717609643
2050,FR,16,Saline_aquifer_onshore,0.23039999999983043
2050,DE,17,Saline_aquifer_onshore,0.060799999999923665
2040,FR,17,Saline_aquifer_onshore,80.50094534994597
2050,FR,17,Saline_aquifer_onshore,0.23039999999994784
2050,DE,18,Saline_aquifer_onshore,0.06079999999998623
2040,FR,18,Saline_aquifer_onshore,65.65685382858292
2050,FR,18,Saline_aquifer_onshore,0.23040000000004585
2050,DE,19,Saline_aquifer_onshore,0.060799999999879444
2040,FR,19,Saline_aquifer_onshore,62.645995885472665
2050,FR,19,Saline_aquifer_onshore,0.23039999999989993
2050,DE,20,Saline_aquifer_onshore,0.06080000000000509
2040,FR,20,Saline_aquifer_onshore,78.4876300961744
2050,FR,20,Saline_aquifer_onshore,0.23039999999974034
2040,DE,21,Saline_aquifer_onshore,7.3125
2050,DE,21,Saline_aquifer_onshore,0.06079999999985567
2040,FR,21,Saline_aquifer_onshore,80.57899646403217
2050,FR,21,Saline_aquifer_onshore,0.23039999999991778
2040,DE,22,Saline_aquifer_onshore,34.935138
2050,DE,22,Saline_aquifer_onshore,0.0608000000000603
2040,FR,22,Saline_aquifer_onshore,72.77085651735388
2050,FR,22,Saline_aquifer_onshore,0.23039999999983043
2040,DE,23,Saline_aquifer_onshore,33.125274000000005
2050,DE,23,Saline_aquifer_onshore,0.060799999999930715
2040,FR,23,Saline_aquifer_onshore,50.60967259076162
2050,FR,23,Saline_aquifer_onshore,0.23039999999994784
2040,DE,24,Saline_aquifer_onshore,32.458482000000004
2050,DE,24,Saline_aquifer_onshore,0.060799999999956715
2040,FR,24,Saline_aquifer_onshore,48.47899333282748
2050,FR,24,Saline_aquifer_onshore,0.23040000000004585
2040,DE,25,Saline_aquifer_onshore,31.339223999999998
2050,DE,25,Saline_aquifer_onshore,0.06079999999997199
2040,FR,25,Saline_aquifer_onshore,57.68350771263069
2050,FR,25,Saline_aquifer_onshore,0.23039999999989993
2040,DE,26,Saline_aquifer_onshore,30.053268
2050,DE,26,Saline_aquifer_onshore,0.06080000000003736
2040,FR,26,Saline_aquifer_onshore,74.2858765961801
2050,FR,26,Saline_aquifer_onshore,0.23039999999974034
2040,DE,27,Saline_aquifer_onshore,17.94800326581816
2040,FR,27,Saline_aquifer_onshore,50.498958250683174
2040,DE,28,Saline_aquifer_onshore,13.56622726581816
2040,FR,28,Saline_aquifer_onshore,25.033357437572242
2040,DE,29,Saline_aquifer_onshore,6.850679265818161
2040,FR,29,Saline_aquifer_onshore,20.5118047348883
2040,DE,30,Saline_aquifer_onshore,3.1118812658181594
2040,FR,30,Saline_aquifer_onshore,12.43573125453014
2040,DE,31,Saline_aquifer_onshore,6.882246
2040,FR,31,Saline_aquifer_onshore,5.310522
2040,DE,32,Saline_aquifer_onshore,6.54885
2040,FR,32,Saline_aquifer_onshore,2.8656179999999996
2040,DE,33,Saline_aquifer_onshore,5.381963999999999
2040,FR,33,Saline_aquifer_onshore,11.345059558678859
2040,DE,34,Saline_aquifer_onshore,9.144576
2040,FR,34,Saline_aquifer_onshore,11.23130980515222
2040,DE,35,Saline_aquifer_onshore,8.739738000000001
2040,FR,35,Saline_aquifer_onshore,2.762424
2040,DE,36,Saline_aquifer_onshore,12.573792000000001
2040,FR,36,Saline_aquifer_onshore,4.760323692338836
2040,DE,37,Saline_aquifer_onshore,12.359466
2040,FR,37,Saline_aquifer_onshore,14.20066802713482
2040,DE,38,Saline_aquifer_onshore,25.24407051062992
2040,FR,38,Saline_aquifer_onshore,21.649665307043115
2040,DE,39,Saline_aquifer_onshore,24.980885999999995
2040,FR,39,Saline_aquifer_onshore,25.64818035100513
2040,DE,40,Saline_aquifer_onshore,24.29028
2040,FR,40,Saline_aquifer_onshore,23.169417230753158
2040,DE,41,Saline_aquifer_onshore,21.694553999999997
2040,FR,41,Saline_aquifer_onshore,26.10933433884595
2040,DE,42,Saline_aquifer_onshore,13.4264500368
2040,FR,42,Saline_aquifer_onshore,18.501128409402305
2040,DE,43,Saline_aquifer_onshore,9.382716
2040,FR,43,Saline_aquifer_onshore,19.18114637421528
2040,DE,44,Saline_aquifer_onshore,6.501221999999999
2040,FR,44,Saline_aquifer_onshore,20.96607586902318
2040,DE,45,Saline_aquifer_onshore,10.906812
2040,FR,45,Saline_aquifer_onshore,22.526820418396138
2040,DE,46,Saline_aquifer_onshore,29.996635708133336
2040,FR,46,Saline_aquifer_onshore,28.699390617388634
2040,DE,47,Saline_aquifer_onshore,36.293384121200006
2040,FR,47,Saline_aquifer_onshore,38.700798067077535
2040,DE,48,Saline_aquifer_onshore,32.9485186816
2040,FR,48,Saline_aquifer_onshore,49.760107906080215
2040,DE,49,Saline_aquifer_onshore,6.178391040533333
2040,FR,49,Saline_aquifer_onshore,52.414704847272326
2040,FR,50,Saline_aquifer_onshore,24.143070933370453
2040,FR,51,Saline_aquifer_onshore,11.619986408183236
2040,FR,52,Saline_aquifer_onshore,5.167638
2040,FR,53,Saline_aquifer_onshore,8.997331453505405
2040,FR,54,Saline_aquifer_onshore,14.469166410951418
2040,FR,55,Saline_aquifer_onshore,12.785425231288498
2040,FR,56,Saline_aquifer_onshore,12.008367518220359
2040,DE,57,Saline_aquifer_onshore,3.976938
2040,FR,57,Saline_aquifer_onshore,11.345059558678859
2040,DE,58,Saline_aquifer_onshore,3.976938
2040,FR,58,Saline_aquifer_onshore,11.23130980515222
2040,DE,59,Saline_aquifer_onshore,3.976938
2040,FR,59,Saline_aquifer_onshore,11.556683065732141
2040,DE,60,Saline_aquifer_onshore,3.976938
2040,FR,60,Saline_aquifer_onshore,9.34588880329104
2040,DE,61,Saline_aquifer_onshore,4.16745
2040,FR,61,Saline_aquifer_onshore,7.127156540849938
2040,DE,62,Saline_aquifer_onshore,4.619916
2040,FR,62,Saline_aquifer_onshore,4.8469259632638595
2040,DE,63,Saline_aquifer_onshore,5.0715281023999985
2040,FR,63,Saline_aquifer_onshore,7.677119468807409
2040,DE,64,Saline_aquifer_onshore,6.4962940728000005
2040,FR,64,Saline_aquifer_onshore,10.51754813126308
2040,DE,65,Saline_aquifer_onshore,9.585095973600001
2040,FR,65,Saline_aquifer_onshore,1.3573979999999999
2040,DE,66,Saline_aquifer_onshore,7.3427331156
2040,FR,66,Saline_aquifer_onshore,1.4129639999999999
2040,DE,67,Saline_aquifer_onshore,7.659683617199999
2040,FR,67,Saline_aquifer_onshore,1.492344
2040,DE,68,Saline_aquifer_onshore,10.562473144833401
2040,FR,68,Saline_aquifer_onshore,8.738922857142859
2040,DE,69,Saline_aquifer_onshore,12.2190717852
2040,FR,69,Saline_aquifer_onshore,17.973717510666667
2040,DE,70,Saline_aquifer_onshore,12.053156033746063
2040,FR,70,Saline_aquifer_onshore,16.775738096666668
2040,DE,71,Saline_aquifer_onshore,0.060799999999904486
2040,FR,71,Saline_aquifer_onshore,19.25752924466667
2040,DE,72,Saline_aquifer_onshore,0.06079999999997199
2040,FR,72,Saline_aquifer_onshore,27.861201916666673
2040,DE,73,Saline_aquifer_onshore,0.06080000000003736
2040,FR,73,Saline_aquifer_onshore,27.29030158147678
2040,DE,74,Saline_aquifer_onshore,0.06079999999998626
2040,FR,74,Saline_aquifer_onshore,8.427853193826612
2040,DE,75,Saline_aquifer_onshore,0.06079999999987945
2040,FR,75,Saline_aquifer_onshore,6.5555515978444205
2040,DE,76,Saline_aquifer_onshore,0.06080000000000516
2040,FR,76,Saline_aquifer_onshore,5.532051435029095
2040,DE,77,Saline_aquifer_onshore,0.06079999999996938
2040,FR,77,Saline_aquifer_onshore,1.4129639999999999
2040,DE,78,Saline_aquifer_onshore,0.060799999999946626
2040,FR,78,Saline_aquifer_onshore,1.3494599999999999
2040,DE,79,Saline_aquifer_onshore,0.06079999999999763
2040,FR,79,Saline_aquifer_onshore,1.333584
2040,DE,80,Saline_aquifer_onshore,0.06079999999997199
2040,FR,80,Saline_aquifer_onshore,1.325646
2040,DE,81,Saline_aquifer_onshore,0.06080000000003736
2040,FR,81,Saline_aquifer_onshore,1.325646
2040,DE,82,Saline_aquifer_onshore,0.06079999999998626
2040,FR,82,Saline_aquifer_onshore,1.325646
2040,DE,83,Saline_aquifer_onshore,0.06079999999987945
2040,FR,83,Saline_aquifer_onshore,1.325646
2040,DE,84,Saline_aquifer_onshore,0.06080000000000516
2040,FR,84,Saline_aquifer_onshore,13.452421384
2040,DE,85,Saline_aquifer_onshore,0.06079999999996938
2040,FR,85,Saline_aquifer_onshore,1.341522
2040,DE,86,Saline_aquifer_onshore,0.06079999999994665
2040,FR,86,Saline_aquifer_onshore,1.341522
2040,DE,87,Saline_aquifer_onshore,0.060799999999956715
2040,FR,87,Saline_aquifer_onshore,1.333584
2040,DE,88,Saline_aquifer_onshore,0.06079999999997199
2030,FR,88,Saline_aquifer_onshore,7.208113248366186
2040,FR,88,Saline_aquifer_onshore,8.129251024
2040,DE,89,Saline_aquifer_onshore,0.060799999999923665
2030,FR,89,Saline_aquifer_onshore,17.735498640133336
2040,FR,89,Saline_aquifer_onshore,11.094805729400479
2040,DE,90,Saline_aquifer_onshore,0.06079999999998623
2030,FR,90,Saline_aquifer_onshore,12.989676202800002
2040,FR,90,Saline_aquifer_onshore,8.86802456745692
2040,DE,91,Saline_aquifer_onshore,0.060799999999879444
2030,FR,91,Saline_aquifer_onshore,10.293136061200002
2040,FR,91,Saline_aquifer_onshore,9.957972857142856
2040,DE,92,Saline_aquifer_onshore,0.06080000000000509
2030,FR,92,Saline_aquifer_onshore,12.727279524000002
2040,FR,92,Saline_aquifer_onshore,17.638510684
2040,DE,93,Saline_aquifer_onshore,0.06079999999985567
2030,FR,93,Saline_aquifer_onshore,11.310676748399999
2040,FR,93,Saline_aquifer_onshore,16.046958674
2040,DE,94,Saline_aquifer_onshore,0.0608000000000603
2030,FR,94,Saline_aquifer_onshore,8.635675367276907
2040,FR,94,Saline_aquifer_onshore,16.273571256923105
2040,DE,95,Saline_aquifer_onshore,0.060799999999930715
2030,FR,95,Saline_aquifer_onshore,7.700517973199999
2040,FR,95,Saline_aquifer_onshore,0.23039999999991778
2040,DE,96,Saline_aquifer_onshore,0.060799999999956715
2030,FR,96,Saline_aquifer_onshore,8.291343531600003
2040,FR,96,Saline_aquifer_onshore,0.23040000000028518
2040,DE,97,Saline_aquifer_onshore,0.06079999999997199
2040,FR,97,Saline_aquifer_onshore,0.23039999999949315
2040,DE,98,Saline_aquifer_onshore,0.06080000000003736
2040,FR,98,Saline_aquifer_onshore,0.2304000000000458
2040,DE,99,Saline_aquifer_onshore,0.06079999999998626
2040,FR,99,Saline_aquifer_onshore,0.23040000000035468
2040,DE,100,Saline_aquifer_onshore,0.06079999999987945
2040,FR,100,Saline_aquifer_onshore,0.23039999999928565
2040,DE,101,Saline_aquifer_onshore,0.06080000000000516
2040,FR,101,Saline_aquifer_onshore,0.23039999999991778
2040,DE,102,Saline_aquifer_onshore,0.06079999999996938
2040,FR,102,Saline_aquifer_onshore,0.23039999999983043
2040,DE,103,Saline_aquifer_onshore,0.06079999999997199
2040,FR,103,Saline_aquifer_onshore,0.23039999999994784
2040,DE,104,Saline_aquifer_onshore,0.06080000000003736
2040,FR,104,Saline_aquifer_onshore,0.23040000000004585
2040,DE,105,Saline_aquifer_onshore,0.06079999999998626
2050,DE,105,Saline_aquifer_onshore,1.293809379059391
2040,FR,105,Saline_aquifer_onshore,0.23039999999989993
2040,DE,106,Saline_aquifer_onshore,0.06079999999987945
2050,DE,106,Saline_aquifer_onshore,3.5511570591421044
2030,FR,106,Saline_aquifer_onshore,15.733699437466662
2040,FR,106,Saline_aquifer_onshore,0.23039999999974034
2050,FR,106,Saline_aquifer_onshore,6.5262267
2040,DE,107,Saline_aquifer_onshore,0.06080000000000516
2050,DE,107,Saline_aquifer_onshore,0.060800000000007515
2030,FR,107,Saline_aquifer_onshore,23.886010129273906
2040,FR,107,Saline_aquifer_onshore,0.23039999999979754
2050,FR,107,Saline_aquifer_onshore,6.2678448
2040,DE,108,Saline_aquifer_onshore,0.06079999999996938
2050,DE,108,Saline_aquifer_onshore,0.06079999999991657
2030,FR,108,Saline_aquifer_onshore,24.63018622990004
2040,FR,108,Saline_aquifer_onshore,0.23039999999997957
2050,FR,108,Saline_aquifer_onshore,6.024348264432605
2040,DE,109,Saline_aquifer_onshore,0.060799999999946626
2050,DE,109,Saline_aquifer_onshore,0.060800000000006675
2030,FR,109,Saline_aquifer_onshore,30.768591072905515
2040,FR,109,Saline_aquifer_onshore,0.23039999999991778
2050,FR,109,Saline_aquifer_onshore,0.23039999999997957
2040,DE,110,Saline_aquifer_onshore,0.06079999999997199
2050,DE,110,Saline_aquifer_onshore,0.060799999999956715
2030,FR,110,Saline_aquifer_onshore,30.768591072905515
2040,FR,110,Saline_aquifer_onshore,0.2303999999998304
2050,FR,110,Saline_aquifer_onshore,0.23039999999991778
2040,DE,111,Saline_aquifer_onshore,0.06079999999997199
2050,DE,111,Saline_aquifer_onshore,0.06079999999997199
2030,FR,111,Saline_aquifer_onshore,30.768591072905515
2040,FR,111,Saline_aquifer_onshore,0.23039999999994784
2050,FR,111,Saline_aquifer_onshore,0.23039999999983043
2040,DE,112,Saline_aquifer_onshore,0.06080000000003736
2050,DE,112,Saline_aquifer_onshore,0.060799999999923665
2030,FR,112,Saline_aquifer_onshore,21.04746573239296
2040,FR,112,Saline_aquifer_onshore,0.23039999999959107
2050,FR,112,Saline_aquifer_onshore,0.23039999999994784
2040,DE,113,Saline_aquifer_onshore,0.06079999999998626
2050,DE,113,Saline_aquifer_onshore,0.060799999999986254
2030,FR,113,Saline_aquifer_onshore,20.538289835938812
2040,FR,113,Saline_aquifer_onshore,0.2303999999998997
2050,FR,113,Saline_aquifer_onshore,0.23040000000004585
2040,DE,114,Saline_aquifer_onshore,0.06079999999987945
2050,DE,114,Saline_aquifer_onshore,0.060799999999956715
2030,FR,114,Saline_aquifer_onshore,15.673902765024486
2040,FR,114,Saline_aquifer_onshore,0.23039999999974034
2050,FR,114,Saline_aquifer_onshore,0.23039999999989993
2040,DE,115,Saline_aquifer_onshore,0.06080000000000516
2050,DE,115,Saline_aquifer_onshore,0.06079999999997199
2030,FR,115,Saline_aquifer_onshore,12.60514808658624
2040,FR,115,Saline_aquifer_onshore,0.2303999999997974
2050,FR,115,Saline_aquifer_onshore,0.23039999999974034
2040,DE,116,Saline_aquifer_onshore,0.06079999999996938
2050,DE,116,Saline_aquifer_onshore,0.060799999999923665
2030,FR,116,Saline_aquifer_onshore,4.992613984507148
2040,FR,116,Saline_aquifer_onshore,0.23039999999998048
2050,FR,116,Saline_aquifer_onshore,0.23039999999991778
2040,DE,117,Saline_aquifer_onshore,0.060799999999946557
2050,DE,117,Saline_aquifer_onshore,0.06079999999998623
2040,FR,117,Saline_aquifer_onshore,0.23040000000001398
2050,FR,117,Saline_aquifer_onshore,0.23039999999983043
2040,DE,118,Saline_aquifer_onshore,0.06079999999994684
2050,DE,118,Saline_aquifer_onshore,0.060799999999879444
2040,FR,118,Saline_aquifer_onshore,0.2303999999997853
2050,FR,118,Saline_aquifer_onshore,0.23039999999994784
2040,DE,119,Saline_aquifer_onshore,0.06080000000004439
2050,DE,119,Saline_aquifer_onshore,0.06080000000000509
2040,FR,119,Saline_aquifer_onshore,0.23039999999997957
2050,FR,119,Saline_aquifer_onshore,0.23040000000004585
2040,DE,120,Saline_aquifer_onshore,0.060799999999956715
2050,DE,120,Saline_aquifer_onshore,0.06079999999996942
2030,FR,120,Saline_aquifer_onshore,2.881843553137231
2040,FR,120,Saline_aquifer_onshore,0.23039999999991778
2050,FR,120,Saline_aquifer_onshore,0.23039999999989993
2050,UK,3,Depleted_hydrocarbon_fields_offshore,38.17592572499999
2050,UK,5,Depleted_hydrocarbon_fields_offshore,32.017823775
2050,NO,7,Depleted_hydrocarbon_fields_offshore,1.355144825508332
2050,NO,8,Depleted_hydrocarbon_fields_offshore,3.663982399999998
2050,UK,8,Depleted_hydrocarbon_fields_offshore,22.786609768272733
2050,NO,9,Depleted_hydrocarbon_fields_offshore,3.744553099999996
2050,NO,10,Depleted_hydrocarbon_fields_offshore,3.67509560000002
2050,NO,11,Depleted_hydrocarbon_fields_offshore,3.600335431977204
2050,NO,12,Depleted_hydrocarbon_fields_offshore,3.5889683000000128
2050,NO,13,Depleted_hydrocarbon_fields_offshore,14.576936984580513
2050,NO,14,Depleted_hydrocarbon_fields_offshore,15.251434847528998
2050,NO,15,Depleted_hydrocarbon_fields_offshore,15.601367731545578
2050,NO,16,Depleted_hydrocarbon_fields_offshore,36.17326286449501
2050,NO,17,Depleted_hydrocarbon_fields_offshore,39.17573197674838
2050,NO,18,Depleted_hydrocarbon_fields_offshore,36.47961861791576
2050,NO,19,Depleted_hydrocarbon_fields_offshore,50.09097349225981
2050,NO,20,Depleted_hydrocarbon_fields_offshore,40.95732978496499
2050,NO,21,Depleted_hydrocarbon_fields_offshore,54.72593769644778
2050,NO,22,Depleted_hydrocarbon_fields_offshore,36.98662628161893
2050,NO,23,Depleted_hydrocarbon_fields_offshore,51.18504858709801
2050,NO,24,Depleted_hydrocarbon_fields_offshore,50.5271617004026
2050,NO,25,Depleted_hydrocarbon_fields_offshore,50.16943102262367
2050,UK,25,Depleted_hydrocarbon_fields_offshore,7.777864950749063
2050,NO,26,Depleted_hydrocarbon_fields_offshore,26.136594226432976
2050,UK,26,Depleted_hydrocarbon_fields_offshore,0.12480000000005997
2040,UK,64,Depleted_hydrocarbon_fields_offshore,7.5963236700452175
2040,UK,65,Depleted_hydrocarbon_fields_offshore,19.809003163333333
2040,UK,66,Depleted_hydrocarbon_fields_offshore,16.542396377333333
2040,UK,67,Depleted_hydrocarbon_fields_offshore,17.12525072813333
2040,UK,68,Depleted_hydrocarbon_fields_offshore,17.875853828133334
2040,UK,69,Depleted_hydrocarbon_fields_offshore,16.353945345333333
2040,UK,70,Depleted_hydrocarbon_fields_offshore,11.488843612133333
2040,UK,71,Depleted_hydrocarbon_fields_offshore,12.857246930933336
2040,UK,72,Depleted_hydrocarbon_fields_offshore,22.786136461333335
2040,UK,73,Depleted_hydrocarbon_fields_offshore,23.855336957333336
2040,NO,74,Depleted_hydrocarbon_fields_offshore,0.9084380000000029
2040,UK,74,Depleted_hydrocarbon_fields_offshore,8.448678000000001
2040,NO,75,Depleted_hydrocarbon_fields_offshore,0.7258640000000157
2040,UK,75,Depleted_hydrocarbon_fields_offshore,6.377521499999999
2040,NO,76,Depleted_hydrocarbon_fields_offshore,0.6067940000000058
2040,UK,76,Depleted_hydrocarbon_fields_offshore,4.778014499999999
2040,NO,77,Depleted_hydrocarbon_fields_offshore,0.5406440000000043
2040,UK,77,Depleted_hydrocarbon_fields_offshore,3.8757285
2040,NO,78,Depleted_hydrocarbon_fields_offshore,0.5036000000000028
2040,UK,78,Depleted_hydrocarbon_fields_offshore,3.5681309999999997
2040,NO,79,Depleted_hydrocarbon_fields_offshore,0.48243200000001574
2040,UK,79,Depleted_hydrocarbon_fields_offshore,3.4450920000000003
2040,NO,80,Depleted_hydrocarbon_fields_offshore,0.46655600000000585
2040,UK,80,Depleted_hydrocarbon_fields_offshore,3.4245855
2040,NO,81,Depleted_hydrocarbon_fields_offshore,0.4639100000000044
2040,UK,81,Depleted_hydrocarbon_fields_offshore,3.4245855
2040,NO,82,Depleted_hydrocarbon_fields_offshore,2.0853930038000144
2040,UK,82,Depleted_hydrocarbon_fields_offshore,3.4245855
2040,NO,83,Depleted_hydrocarbon_fields_offshore,3.8911945758000104
2040,UK,83,Depleted_hydrocarbon_fields_offshore,3.4245855
2040,NO,84,Depleted_hydrocarbon_fields_offshore,3.179072173600022
2040,UK,84,Depleted_hydrocarbon_fields_offshore,3.4450920000000003
2040,NO,85,Depleted_hydrocarbon_fields_offshore,4.341895353711498
2040,UK,85,Depleted_hydrocarbon_fields_offshore,3.5066114999999995
2040,NO,86,Depleted_hydrocarbon_fields_offshore,4.165270638200003
2040,UK,86,Depleted_hydrocarbon_fields_offshore,3.5066114999999995
2040,NO,87,Depleted_hydrocarbon_fields_offshore,2.740869819400015
2040,UK,87,Depleted_hydrocarbon_fields_offshore,3.5066114999999995
2040,NO,88,Depleted_hydrocarbon_fields_offshore,4.206935844200006
2040,UK,88,Depleted_hydrocarbon_fields_offshore,3.5066114999999995
2040,NO,89,Depleted_hydrocarbon_fields_offshore,3.3637187452000044
2040,UK,89,Depleted_hydrocarbon_fields_offshore,3.6501569999999997
2040,NO,90,Depleted_hydrocarbon_fields_offshore,4.967587026800015
2040,UK,90,Depleted_hydrocarbon_fields_offshore,9.2894445
2040,NO,91,Depleted_hydrocarbon_fields_offshore,4.36655575660001
2040,UK,91,Depleted_hydrocarbon_fields_offshore,15.954056999999999
2040,NO,92,Depleted_hydrocarbon_fields_offshore,5.289136010800023
2040,UK,92,Depleted_hydrocarbon_fields_offshore,23.008293
2040,NO,93,Depleted_hydrocarbon_fields_offshore,4.532851561800021
2040,UK,93,Depleted_hydrocarbon_fields_offshore,23.685007499999998
2040,NO,94,Depleted_hydrocarbon_fields_offshore,6.047713111800003
2050,NO,94,Depleted_hydrocarbon_fields_offshore,1.4236501675154356
2040,UK,94,Depleted_hydrocarbon_fields_offshore,24.19767
2040,NO,95,Depleted_hydrocarbon_fields_offshore,7.7437633716000445
2050,NO,95,Depleted_hydrocarbon_fields_offshore,3.052756400000016
2040,UK,95,Depleted_hydrocarbon_fields_offshore,24.730838999999996
2040,NO,96,Depleted_hydrocarbon_fields_offshore,7.7543724218000065
2050,NO,96,Depleted_hydrocarbon_fields_offshore,3.058313000000007
2040,UK,96,Depleted_hydrocarbon_fields_offshore,24.997423499999996
2040,NO,97,Depleted_hydrocarbon_fields_offshore,6.4596114496000325
2050,NO,97,Depleted_hydrocarbon_fields_offshore,3.2111195000000103
2040,UK,97,Depleted_hydrocarbon_fields_offshore,26.863515
2040,NO,98,Depleted_hydrocarbon_fields_offshore,5.207224746800013
2050,NO,98,Depleted_hydrocarbon_fields_offshore,3.3000251000000005
2040,UK,98,Depleted_hydrocarbon_fields_offshore,27.8273205
2040,NO,99,Depleted_hydrocarbon_fields_offshore,3.9728260268000377
2050,NO,99,Depleted_hydrocarbon_fields_offshore,3.302803400000038
2040,UK,99,Depleted_hydrocarbon_fields_offshore,27.642762
2040,NO,100,Depleted_hydrocarbon_fields_offshore,7.614258846599993
2050,NO,100,Depleted_hydrocarbon_fields_offshore,3.1611100999999815
2040,UK,100,Depleted_hydrocarbon_fields_offshore,24.6693195
2040,NO,101,Depleted_hydrocarbon_fields_offshore,8.25125387760001
2050,NO,101,Depleted_hydrocarbon_fields_offshore,3.0277517000000027
2040,UK,101,Depleted_hydrocarbon_fields_offshore,21.7573965
2040,NO,102,Depleted_hydrocarbon_fields_offshore,7.856967842800021
2050,NO,102,Depleted_hydrocarbon_fields_offshore,2.9610725000000153
2040,UK,102,Depleted_hydrocarbon_fields_offshore,19.460668499999997
2040,NO,103,Depleted_hydrocarbon_fields_offshore,7.750045157200003
2050,NO,103,Depleted_hydrocarbon_fields_offshore,2.877723500000006
2040,UK,103,Depleted_hydrocarbon_fields_offshore,17.8201485
2040,NO,104,Depleted_hydrocarbon_fields_offshore,7.005627229800018
2050,NO,104,Depleted_hydrocarbon_fields_offshore,2.866610300000005
2040,UK,104,Depleted_hydrocarbon_fields_offshore,16.81533
2040,NO,105,Depleted_hydrocarbon_fields_offshore,3.193248249400007
2050,NO,105,Depleted_hydrocarbon_fields_offshore,8.740994037012804
2040,UK,105,Depleted_hydrocarbon_fields_offshore,18.206082965733337
2040,NO,106,Depleted_hydrocarbon_fields_offshore,5.324521590600004
2050,NO,106,Depleted_hydrocarbon_fields_offshore,10.628986754644682
2040,UK,106,Depleted_hydrocarbon_fields_offshore,16.83547588173333
2040,NO,107,Depleted_hydrocarbon_fields_offshore,5.591254221400012
2050,NO,107,Depleted_hydrocarbon_fields_offshore,21.814732111033077
2040,UK,107,Depleted_hydrocarbon_fields_offshore,23.36798661413333
2040,NO,108,Depleted_hydrocarbon_fields_offshore,9.17163376720001
2050,NO,108,Depleted_hydrocarbon_fields_offshore,27.419775466341235
2040,UK,108,Depleted_hydrocarbon_fields_offshore,30.323055488533335
2040,NO,109,Depleted_hydrocarbon_fields_offshore,8.747348451035153
2050,NO,109,Depleted_hydrocarbon_fields_offshore,30.61217556574416
2040,UK,109,Depleted_hydrocarbon_fields_offshore,36.110796127333344
2040,NO,110,Depleted_hydrocarbon_fields_offshore,13.769294856934605
2050,NO,110,Depleted_hydrocarbon_fields_offshore,41.399785206601585
2040,UK,110,Depleted_hydrocarbon_fields_offshore,37.628277127333334
2040,NO,111,Depleted_hydrocarbon_fields_offshore,11.16927463824282
2050,NO,111,Depleted_hydrocarbon_fields_offshore,33.785996364911114
2040,UK,111,Depleted_hydrocarbon_fields_offshore,42.51388858137378
2040,NO,112,Depleted_hydrocarbon_fields_offshore,10.810166913750882
2050,NO,112,Depleted_hydrocarbon_fields_offshore,61.870106087436525
2040,UK,112,Depleted_hydrocarbon_fields_offshore,52.450349022553596
2040,NO,113,Depleted_hydrocarbon_fields_offshore,11.027054522650271
2050,NO,113,Depleted_hydrocarbon_fields_offshore,56.8915353555577
2040,UK,113,Depleted_hydrocarbon_fields_offshore,44.22951170938028
2040,NO,114,Depleted_hydrocarbon_fields_offshore,11.180461147304388
2050,NO,114,Depleted_hydrocarbon_fields_offshore,51.582130254345564
2040,UK,114,Depleted_hydrocarbon_fields_offshore,38.55590513042576
2040,NO,115,Depleted_hydrocarbon_fields_offshore,14.059216964561548
2050,NO,115,Depleted_hydrocarbon_fields_offshore,48.681292179984894
2040,UK,115,Depleted_hydrocarbon_fields_offshore,36.4999202315286
2050,UK,115,Depleted_hydrocarbon_fields_offshore,11.058469743669775
2040,NO,116,Depleted_hydrocarbon_fields_offshore,69.6678385279103
2050,NO,116,Depleted_hydrocarbon_fields_offshore,49.88648830311954
2040,UK,116,Depleted_hydrocarbon_fields_offshore,32.61905429816611
2040,NO,117,Depleted_hydrocarbon_fields_offshore,105.1524144722497
2050,NO,117,Depleted_hydrocarbon_fields_offshore,56.80703326330363
2040,UK,117,Depleted_hydrocarbon_fields_offshore,33.565567858156975
2040,NO,118,Depleted_hydrocarbon_fields_offshore,105.17920323622047
2050,NO,118,Depleted_hydrocarbon_fields_offshore,53.255476033081294
2040,UK,118,Depleted_hydrocarbon_fields_offshore,34.27661201991518
2050,UK,118,Depleted_hydrocarbon_fields_offshore,0.3743625612476045
2040,NO,119,Depleted_hydrocarbon_fields_offshore,100.89634736676024
2050,NO,119,Depleted_hydrocarbon_fields_offshore,48.75847737014798
2040,UK,119,Depleted_hydrocarbon_fields_offshore,43.13851109448215
2040,NO,120,Depleted_hydrocarbon_fields_offshore,92.76411328673235
2050,NO,120,Depleted_hydrocarbon_fields_offshore,41.48508401382911
2040,UK,120,Depleted_hydrocarbon_fields_offshore,71.8940280556279
2050,UK,120,Depleted_hydrocarbon_fields_offshore,0.24958751999990542
2040,NO,1,Depleted_hydrocarbon_fields_onshore,2.545661870596722
2040,NO,2,Depleted_hydrocarbon_fields_onshore,2.569475870596722
2040,NO,3,Depleted_hydrocarbon_fields_onshore,2.5853518705967216
2040,NO,4,Depleted_hydrocarbon_fields_onshore,2.365733870596722
2040,NO,5,Depleted_hydrocarbon_fields_onshore,3.7493819999999998
2040,NO,6,Depleted_hydrocarbon_fields_onshore,3.582684
2040,NO,7,Depleted_hydrocarbon_fields_onshore,3.513888
2050,NO,7,Depleted_hydrocarbon_fields_onshore,0.17914624895900033
2040,NO,8,Depleted_hydrocarbon_fields_onshore,3.513888
2050,NO,8,Depleted_hydrocarbon_fields_onshore,0.025600000000001982
2040,NO,9,Depleted_hydrocarbon_fields_onshore,3.590622
2050,NO,9,Depleted_hydrocarbon_fields_onshore,0.025600000000003828
2040,NO,10,Depleted_hydrocarbon_fields_onshore,3.5244720000000003
2050,NO,10,Depleted_hydrocarbon_fields_onshore,0.025599999999980166
2040,NO,11,Depleted_hydrocarbon_fields_onshore,3.490074
2050,NO,11,Depleted_hydrocarbon_fields_onshore,0.025599999999985107
2040,NO,12,Depleted_hydrocarbon_fields_onshore,3.4424460000000003
2050,NO,12,Depleted_hydrocarbon_fields_onshore,0.025599999999987244
2050,DK,12,Depleted_hydrocarbon_fields_onshore,0.4797360879799726
2040,NO,13,Depleted_hydrocarbon_fields_onshore,3.550932
2050,NO,13,Depleted_hydrocarbon_fields_onshore,0.025600000000012266
2040,DK,13,Depleted_hydrocarbon_fields_onshore,10.08743486882732
2050,DK,13,Depleted_hydrocarbon_fields_onshore,0.03999999999997472
2040,NO,14,Depleted_hydrocarbon_fields_onshore,3.6408959999999997
2050,NO,14,Depleted_hydrocarbon_fields_onshore,0.02559999999999718
2040,DK,14,Depleted_hydrocarbon_fields_onshore,10.970316
2050,DK,14,Depleted_hydrocarbon_fields_onshore,0.03999999999998115
2040,NO,15,Depleted_hydrocarbon_fields_onshore,3.712338
2050,NO,15,Depleted_hydrocarbon_fields_onshore,0.025599999999984316
2040,DK,15,Depleted_hydrocarbon_fields_onshore,11.23227
2050,DK,15,Depleted_hydrocarbon_fields_onshore,0.03999999999990596
2040,NO,16,Depleted_hydrocarbon_fields_onshore,3.77055
2050,NO,16,Depleted_hydrocarbon_fields_onshore,0.02559999999999421
2040,DK,16,Depleted_hydrocarbon_fields_onshore,11.438657999999998
2050,DK,16,Depleted_hydrocarbon_fields_onshore,0.04000000000001657
2040,NO,17,Depleted_hydrocarbon_fields_onshore,3.7044
2050,NO,17,Depleted_hydrocarbon_fields_onshore,0.025599999999995626
2040,DK,17,Depleted_hydrocarbon_fields_onshore,11.23227
2050,DK,17,Depleted_hydrocarbon_fields_onshore,0.03999999999995495
2040,NO,18,Depleted_hydrocarbon_fields_onshore,3.7282139999999995
2050,NO,18,Depleted_hydrocarbon_fields_onshore,0.025599999999985704
2040,DK,18,Depleted_hydrocarbon_fields_onshore,11.319588
2050,DK,18,Depleted_hydrocarbon_fields_onshore,0.03999999999999066
2040,NO,19,Depleted_hydrocarbon_fields_onshore,4.572200599877061
2050,NO,19,Depleted_hydrocarbon_fields_onshore,0.025599999999990103
2040,DK,19,Depleted_hydrocarbon_fields_onshore,11.414844
2050,DK,19,Depleted_hydrocarbon_fields_onshore,0.03999999999997536
2040,NO,20,Depleted_hydrocarbon_fields_onshore,5.611081954933335
2050,NO,20,Depleted_hydrocarbon_fields_onshore,0.02559999999997753
2040,DK,20,Depleted_hydrocarbon_fields_onshore,11.835557999999999
2050,DK,20,Depleted_hydrocarbon_fields_onshore,0.039999999999977505
2040,NO,21,Depleted_hydrocarbon_fields_onshore,4.271430309999998
2050,NO,21,Depleted_hydrocarbon_fields_onshore,0.025599999999978782
2040,DK,21,Depleted_hydrocarbon_fields_onshore,11.906999999999998
2050,DK,21,Depleted_hydrocarbon_fields_onshore,0.040000000000020464
2040,NO,22,Depleted_hydrocarbon_fields_onshore,4.140999481882111
2050,NO,22,Depleted_hydrocarbon_fields_onshore,0.02559999999999718
2040,DK,22,Depleted_hydrocarbon_fields_onshore,11.930814
2050,DK,22,Depleted_hydrocarbon_fields_onshore,0.03999999999997372
2040,NO,23,Depleted_hydrocarbon_fields_onshore,8.7216180164
2050,NO,23,Depleted_hydrocarbon_fields_onshore,0.02559999999995589
2040,DK,23,Depleted_hydrocarbon_fields_onshore,11.970504
2050,DK,23,Depleted_hydrocarbon_fields_onshore,0.03999999999999095
2040,NO,24,Depleted_hydrocarbon_fields_onshore,10.756487982400001
2050,NO,24,Depleted_hydrocarbon_fields_onshore,0.025599999999994207
2040,DK,24,Depleted_hydrocarbon_fields_onshore,12.002256
2050,DK,24,Depleted_hydrocarbon_fields_onshore,0.03999999999999848
2040,NO,25,Depleted_hydrocarbon_fields_onshore,9.303046757200002
2050,NO,25,Depleted_hydrocarbon_fields_onshore,0.025599999999967184
2040,DK,25,Depleted_hydrocarbon_fields_onshore,12.62142
2050,DK,25,Depleted_hydrocarbon_fields_onshore,0.03999999999992262
2040,NO,26,Depleted_hydrocarbon_fields_onshore,6.580104819333333
2050,NO,26,Depleted_hydrocarbon_fields_onshore,0.02559999999998572
2040,DK,26,Depleted_hydrocarbon_fields_onshore,13.034196000000001
2050,DK,26,Depleted_hydrocarbon_fields_onshore,0.0400000000000307
2040,NO,27,Depleted_hydrocarbon_fields_onshore,4.196555999999999
2040,DK,27,Depleted_hydrocarbon_fields_onshore,3.844940401585422
2040,NO,28,Depleted_hydrocarbon_fields_onshore,3.976938
2040,DK,28,Depleted_hydrocarbon_fields_onshore,3.0511404015854215
2040,NO,29,Depleted_hydrocarbon_fields_onshore,3.7493819999999998
2040,DK,29,Depleted_hydrocarbon_fields_onshore,2.2255884015854233
2040,NO,30,Depleted_hydrocarbon_fields_onshore,2.7835919999999996
2040,DK,30,Depleted_hydrocarbon_fields_onshore,0.8677259009090857
2040,NO,31,Depleted_hydrocarbon_fields_onshore,1.902474
2040,DK,31,Depleted_hydrocarbon_fields_onshore,4.175360290545455
2040,NO,32,Depleted_hydrocarbon_fields_onshore,1.1007359999999997
2040,DK,32,Depleted_hydrocarbon_fields_onshore,3.29427
2040,NO,33,Depleted_hydrocarbon_fields_onshore,1.5211826679999998
2040,DK,33,Depleted_hydrocarbon_fields_onshore,3.2307659999999996
2040,NO,34,Depleted_hydrocarbon_fields_onshore,1.1007359999999997
2040,DK,34,Depleted_hydrocarbon_fields_onshore,3.29427
2040,NO,35,Depleted_hydrocarbon_fields_onshore,1.16424
2040,DK,35,Depleted_hydrocarbon_fields_onshore,3.500658
2040,NO,36,Depleted_hydrocarbon_fields_onshore,1.251558
2040,DK,36,Depleted_hydrocarbon_fields_onshore,3.786426
2040,NO,37,Depleted_hydrocarbon_fields_onshore,1.370628
2040,DK,37,Depleted_hydrocarbon_fields_onshore,4.183326
2040,NO,38,Depleted_hydrocarbon_fields_onshore,1.3812119999999999
2040,DK,38,Depleted_hydrocarbon_fields_onshore,4.159512
2040,NO,39,Depleted_hydrocarbon_fields_onshore,3.9449391108
2040,DK,39,Depleted_hydrocarbon_fields_onshore,4.151574
2040,NO,40,Depleted_hydrocarbon_fields_onshore,5.653748587200001
2040,DK,40,Depleted_hydrocarbon_fields_onshore,4.16745
2040,NO,41,Depleted_hydrocarbon_fields_onshore,2.8333689679999994
2040,DK,41,Depleted_hydrocarbon_fields_onshore,4.6040399999999995
2040,NO,42,Depleted_hydrocarbon_fields_onshore,1.69344
2040,DK,42,Depleted_hydrocarbon_fields_onshore,4.937436
2040,NO,43,Depleted_hydrocarbon_fields_onshore,3.6069355396000002
2040,DK,43,Depleted_hydrocarbon_fields_onshore,5.151762000000001
2040,NO,44,Depleted_hydrocarbon_fields_onshore,1.82574
2040,DK,44,Depleted_hydrocarbon_fields_onshore,5.350212
2040,NO,45,Depleted_hydrocarbon_fields_onshore,6.4959139212000006
2040,DK,45,Depleted_hydrocarbon_fields_onshore,5.548661999999999
2040,NO,46,Depleted_hydrocarbon_fields_onshore,5.71639062
2040,DK,46,Depleted_hydrocarbon_fields_onshore,6.366276
2040,NO,47,Depleted_hydrocarbon_fields_onshore,6.5294987544000005
2040,DK,47,Depleted_hydrocarbon_fields_onshore,6.993378
2040,NO,48,Depleted_hydrocarbon_fields_onshore,6.7907712568
2040,DK,48,Depleted_hydrocarbon_fields_onshore,7.334712
2040,NO,49,Depleted_hydrocarbon_fields_onshore,5.7822235612
2040,DK,49,Depleted_hydrocarbon_fields_onshore,6.70761
2040,NO,50,Depleted_hydrocarbon_fields_onshore,1.9104119999999998
2040,NO,51,Depleted_hydrocarbon_fields_onshore,1.6722720000000002
2040,NO,52,Depleted_hydrocarbon_fields_onshore,1.479114
2040,NO,53,Depleted_hydrocarbon_fields_onshore,1.3362299999999998
2040,NO,54,Depleted_hydrocarbon_fields_onshore,1.238328
2040,NO,55,Depleted_hydrocarbon_fields_onshore,1.16424
2040,NO,56,Depleted_hydrocarbon_fields_onshore,1.1007359999999997
2040,NO,57,Depleted_hydrocarbon_fields_onshore,1.079568
2040,DK,57,Depleted_hydrocarbon_fields_onshore,2.8123798411818197
2040,NO,58,Depleted_hydrocarbon_fields_onshore,1.1007359999999997
2040,DK,58,Depleted_hydrocarbon_fields_onshore,3.29427
2040,NO,59,Depleted_hydrocarbon_fields_onshore,1.16424
2040,DK,59,Depleted_hydrocarbon_fields_onshore,3.500658
2040,NO,60,Depleted_hydrocarbon_fields_onshore,2.4149218808000006
2040,DK,60,Depleted_hydrocarbon_fields_onshore,2.8656179999999996
2040,NO,61,Depleted_hydrocarbon_fields_onshore,2.0434853480000004
2040,DK,61,Depleted_hydrocarbon_fields_onshore,2.3020199999999997
2040,NO,62,Depleted_hydrocarbon_fields_onshore,1.3582619978
2040,DK,62,Depleted_hydrocarbon_fields_onshore,1.579662
2040,NO,63,Depleted_hydrocarbon_fields_onshore,0.8544732766
2040,DK,63,Depleted_hydrocarbon_fields_onshore,1.6431659999999997
2040,NO,64,Depleted_hydrocarbon_fields_onshore,0.6482699999999999
2040,DK,64,Depleted_hydrocarbon_fields_onshore,1.730484
2040,NO,65,Depleted_hydrocarbon_fields_onshore,3.2455957155999995
2040,DK,65,Depleted_hydrocarbon_fields_onshore,2.000376
2040,NO,66,Depleted_hydrocarbon_fields_onshore,2.789466562
2040,DK,66,Depleted_hydrocarbon_fields_onshore,2.230578
2040,NO,67,Depleted_hydrocarbon_fields_onshore,4.9034996377999995
2040,DK,67,Depleted_hydrocarbon_fields_onshore,2.357586
2040,NO,68,Depleted_hydrocarbon_fields_onshore,5.8368004112000005
2040,DK,68,Depleted_hydrocarbon_fields_onshore,2.46078
2040,NO,69,Depleted_hydrocarbon_fields_onshore,5.4868802714
2040,DK,69,Depleted_hydrocarbon_fields_onshore,3.612533639950037
2040,NO,70,Depleted_hydrocarbon_fields_onshore,5.649818665000001
2040,DK,70,Depleted_hydrocarbon_fields_onshore,10.001236635129885
2040,NO,71,Depleted_hydrocarbon_fields_onshore,4.9222061416
2040,DK,71,Depleted_hydrocarbon_fields_onshore,29.96948079370899
2040,NO,72,Depleted_hydrocarbon_fields_onshore,6.1384775178
2040,DK,72,Depleted_hydrocarbon_fields_onshore,43.173832623392
2040,NO,73,Depleted_hydrocarbon_fields_onshore,6.501472698400001
2040,DK,73,Depleted_hydrocarbon_fields_onshore,15.030338332917243
2040,NO,74,Depleted_hydrocarbon_fields_onshore,0.02559999999999718
2040,DK,74,Depleted_hydrocarbon_fields_onshore,2.833866
2040,NO,75,Depleted_hydrocarbon_fields_onshore,0.025599999999984316
2040,DK,75,Depleted_hydrocarbon_fields_onshore,2.230578
2040,NO,76,Depleted_hydrocarbon_fields_onshore,0.02559999999999421
2040,DK,76,Depleted_hydrocarbon_fields_onshore,1.8098639999999997
2040,NO,77,Depleted_hydrocarbon_fields_onshore,0.025599999999995626
2040,DK,77,Depleted_hydrocarbon_fields_onshore,0.040000000000020464
2040,NO,78,Depleted_hydrocarbon_fields_onshore,0.02559999999999718
2040,DK,78,Depleted_hydrocarbon_fields_onshore,0.03999999999991688
2040,NO,79,Depleted_hydrocarbon_fields_onshore,0.025599999999984316
2040,DK,79,Depleted_hydrocarbon_fields_onshore,0.04000000000004779
2040,NO,80,Depleted_hydrocarbon_fields_onshore,0.02559999999999421
2040,DK,80,Depleted_hydrocarbon_fields_onshore,0.03999999999994165
2040,NO,81,Depleted_hydrocarbon_fields_onshore,0.025599999999995626
2040,DK,81,Depleted_hydrocarbon_fields_onshore,0.039999999999977505
2040,NO,82,Depleted_hydrocarbon_fields_onshore,0.025599999999985704
2040,DK,82,Depleted_hydrocarbon_fields_onshore,0.040000000000020464
2040,NO,83,Depleted_hydrocarbon_fields_onshore,0.025599999999990103
2050,NO,83,Depleted_hydrocarbon_fields_onshore,0.5334336000000001
2040,DK,83,Depleted_hydrocarbon_fields_onshore,0.03999999999991687
2040,NO,84,Depleted_hydrocarbon_fields_onshore,0.02559999999997753
2050,NO,84,Depleted_hydrocarbon_fields_onshore,0.55566
2040,DK,84,Depleted_hydrocarbon_fields_onshore,0.03999999999999095
2040,NO,85,Depleted_hydrocarbon_fields_onshore,0.02560000000000197
2040,DK,85,Depleted_hydrocarbon_fields_onshore,0.03999999999994161
2040,NO,86,Depleted_hydrocarbon_fields_onshore,0.02559999999999718
2040,DK,86,Depleted_hydrocarbon_fields_onshore,0.039999999999979455
2040,NO,87,Depleted_hydrocarbon_fields_onshore,0.025599999999984316
2040,DK,87,Depleted_hydrocarbon_fields_onshore,0.03999999999991702
2040,NO,88,Depleted_hydrocarbon_fields_onshore,0.02559999999999421
2040,DK,88,Depleted_hydrocarbon_fields_onshore,0.04000000000002169
2040,NO,89,Depleted_hydrocarbon_fields_onshore,0.025599999999995626
2040,DK,89,Depleted_hydrocarbon_fields_onshore,0.03999999999997536
2040,NO,90,Depleted_hydrocarbon_fields_onshore,0.025599999999985704
2040,DK,90,Depleted_hydrocarbon_fields_onshore,0.039999999999977505
2040,NO,91,Depleted_hydrocarbon_fields_onshore,0.025599999999990103
2040,DK,91,Depleted_hydrocarbon_fields_onshore,0.040000000000020464
2040,NO,92,Depleted_hydrocarbon_fields_onshore,0.02559999999997753
2040,DK,92,Depleted_hydrocarbon_fields_onshore,0.03999999999997372
2040,NO,93,Depleted_hydrocarbon_fields_onshore,0.025599999999978782
2040,DK,93,Depleted_hydrocarbon_fields_onshore,0.03999999999999095
2040,NO,94,Depleted_hydrocarbon_fields_onshore,0.02559999999999718
2050,NO,94,Depleted_hydrocarbon_fields_onshore,0.6470294225527482
2040,DK,94,Depleted_hydrocarbon_fields_onshore,0.03999999999999848
2040,NO,95,Depleted_hydrocarbon_fields_onshore,0.02559999999995589
2050,NO,95,Depleted_hydrocarbon_fields_onshore,0.025599999999984413
2040,DK,95,Depleted_hydrocarbon_fields_onshore,0.03999999999992262
2040,NO,96,Depleted_hydrocarbon_fields_onshore,0.025599999999994207
2050,NO,96,Depleted_hydrocarbon_fields_onshore,0.025599999999993198
2040,DK,96,Depleted_hydrocarbon_fields_onshore,0.0400000000000307
2050,DK,96,Depleted_hydrocarbon_fields_onshore,2.7903618593713304
2040,NO,97,Depleted_hydrocarbon_fields_onshore,0.025599999999967184
2050,NO,97,Depleted_hydrocarbon_fields_onshore,0.025599999999989548
2040,DK,97,Depleted_hydrocarbon_fields_onshore,0.03999999999996489
2050,DK,97,Depleted_hydrocarbon_fields_onshore,0.040000000000020464
2040,NO,98,Depleted_hydrocarbon_fields_onshore,0.02559999999998572
2050,NO,98,Depleted_hydrocarbon_fields_onshore,0.025599999999999276
2040,DK,98,Depleted_hydrocarbon_fields_onshore,0.039999999999992486
2050,DK,98,Depleted_hydrocarbon_fields_onshore,0.03999999999997372
2040,NO,99,Depleted_hydrocarbon_fields_onshore,0.02559999999996166
2050,NO,99,Depleted_hydrocarbon_fields_onshore,0.02559999999996218
2040,DK,99,Depleted_hydrocarbon_fields_onshore,0.040000000000020464
2040,NO,100,Depleted_hydrocarbon_fields_onshore,0.025600000000005934
2050,NO,100,Depleted_hydrocarbon_fields_onshore,0.025600000000018077
2040,DK,100,Depleted_hydrocarbon_fields_onshore,0.03999999999997372
2040,NO,101,Depleted_hydrocarbon_fields_onshore,0.025599999999988778
2050,NO,101,Depleted_hydrocarbon_fields_onshore,0.02559999999999718
2040,DK,101,Depleted_hydrocarbon_fields_onshore,0.03999999999999095
2040,NO,102,Depleted_hydrocarbon_fields_onshore,0.025599999999978782
2050,NO,102,Depleted_hydrocarbon_fields_onshore,0.025599999999984316
2040,DK,102,Depleted_hydrocarbon_fields_onshore,0.03999999999999848
2040,NO,103,Depleted_hydrocarbon_fields_onshore,0.02559999999999718
2050,NO,103,Depleted_hydrocarbon_fields_onshore,0.02559999999999421
2040,DK,103,Depleted_hydrocarbon_fields_onshore,0.03999999999992262
2040,NO,104,Depleted_hydrocarbon_fields_onshore,0.025599999999984316
2050,NO,104,Depleted_hydrocarbon_fields_onshore,0.025599999999995626
2040,DK,104,Depleted_hydrocarbon_fields_onshore,0.0400000000000307
2040,NO,105,Depleted_hydrocarbon_fields_onshore,0.02559999999999421
2050,NO,105,Depleted_hydrocarbon_fields_onshore,0.025599999999985704
2040,DK,105,Depleted_hydrocarbon_fields_onshore,0.03999999999996489
2050,DK,105,Depleted_hydrocarbon_fields_onshore,0.2799160139984451
2040,NO,106,Depleted_hydrocarbon_fields_onshore,0.025599999999995626
2050,NO,106,Depleted_hydrocarbon_fields_onshore,0.025599999999990103
2040,DK,106,Depleted_hydrocarbon_fields_onshore,0.039999999999992486
2050,DK,106,Depleted_hydrocarbon_fields_onshore,0.03999999999993559
2040,NO,107,Depleted_hydrocarbon_fields_onshore,0.025599999999985704
2050,NO,107,Depleted_hydrocarbon_fields_onshore,0.02559999999997753
2040,DK,107,Depleted_hydrocarbon_fields_onshore,0.040000000000020464
2050,DK,107,Depleted_hydrocarbon_fields_onshore,0.03999999999998287
2040,NO,108,Depleted_hydrocarbon_fields_onshore,0.025599999999990103
2050,NO,108,Depleted_hydrocarbon_fields_onshore,0.02560000000000197
2040,DK,108,Depleted_hydrocarbon_fields_onshore,0.03999999999997372
2050,DK,108,Depleted_hydrocarbon_fields_onshore,0.03999999999991921
2040,NO,109,Depleted_hydrocarbon_fields_onshore,0.02559999999999718
2050,NO,109,Depleted_hydrocarbon_fields_onshore,0.02559999999999718
2040,DK,109,Depleted_hydrocarbon_fields_onshore,0.03999999999999095
2050,DK,109,Depleted_hydrocarbon_fields_onshore,0.040000000000012234
2040,NO,110,Depleted_hydrocarbon_fields_onshore,0.025599999999984316
2050,NO,110,Depleted_hydrocarbon_fields_onshore,0.025599999999984316
2040,DK,110,Depleted_hydrocarbon_fields_onshore,0.03999999999999848
2050,DK,110,Depleted_hydrocarbon_fields_onshore,0.03999999999996046
2040,NO,111,Depleted_hydrocarbon_fields_onshore,0.02559999999999421
2050,NO,111,Depleted_hydrocarbon_fields_onshore,0.02559999999999421
2040,DK,111,Depleted_hydrocarbon_fields_onshore,0.03999999999992262
2050,DK,111,Depleted_hydrocarbon_fields_onshore,0.03999999999997692
2040,NO,112,Depleted_hydrocarbon_fields_onshore,0.025599999999995626
2050,NO,112,Depleted_hydrocarbon_fields_onshore,0.025599999999995626
2040,DK,112,Depleted_hydrocarbon_fields_onshore,0.0400000000000307
2050,DK,112,Depleted_hydrocarbon_fields_onshore,0.03999999999997536
2040,NO,113,Depleted_hydrocarbon_fields_onshore,0.025599999999985704
2050,NO,113,Depleted_hydrocarbon_fields_onshore,0.025599999999985704
2040,DK,113,Depleted_hydrocarbon_fields_onshore,0.0399999999999649
2050,DK,113,Depleted_hydrocarbon_fields_onshore,0.039999999999977505
2040,NO,114,Depleted_hydrocarbon_fields_onshore,0.025599999999990103
2050,NO,114,Depleted_hydrocarbon_fields_onshore,0.025599999999990103
2040,DK,114,Depleted_hydrocarbon_fields_onshore,0.039999999999977505
2050,DK,114,Depleted_hydrocarbon_fields_onshore,0.040000000000020464
2040,NO,115,Depleted_hydrocarbon_fields_onshore,0.02559999999997753
2050,NO,115,Depleted_hydrocarbon_fields_onshore,0.02559999999997753
2040,DK,115,Depleted_hydrocarbon_fields_onshore,0.040000000000020464
2050,DK,115,Depleted_hydrocarbon_fields_onshore,0.03999999999997372
2040,NO,116,Depleted_hydrocarbon_fields_onshore,0.02560000000000197
2050,NO,116,Depleted_hydrocarbon_fields_onshore,0.025599999999978782
2040,DK,116,Depleted_hydrocarbon_fields_onshore,0.03999999999991687
2050,DK,116,Depleted_hydrocarbon_fields_onshore,0.03999999999999095
2040,NO,117,Depleted_hydrocarbon_fields_onshore,0.02559999999999718
2050,NO,117,Depleted_hydrocarbon_fields_onshore,0.02559999999999718
2040,DK,117,Depleted_hydrocarbon_fields_onshore,0.03999999999999095
2050,DK,117,Depleted_hydrocarbon_fields_onshore,0.03999999999999848
2040,NO,118,Depleted_hydrocarbon_fields_onshore,0.025599999999984316
2050,NO,118,Depleted_hydrocarbon_fields_onshore,0.02559999999995589
2040,DK,118,Depleted_hydrocarbon_fields_onshore,0.03999999999994161
2050,DK,118,Depleted_hydrocarbon_fields_onshore,0.03999999999992262
2040,NO,119,Depleted_hydrocarbon_fields_onshore,0.02559999999999421
2050,NO,119,Depleted_hydrocarbon_fields_onshore,0.025599999999994207
2040,DK,119,Depleted_hydrocarbon_fields_onshore,0.03999999999996362
2050,DK,119,Depleted_hydrocarbon_fields_onshore,0.0400000000000307
2040,NO,120,Depleted_hydrocarbon_fields_onshore,0.025599999999995626
2050,NO,120,Depleted_hydrocarbon_fields_onshore,0.02559999999999561
2040,DK,120,Depleted_hydrocarbon_fields_onshore,0.039999999999977505
2050,DK,120,Depleted_hydrocarbon_fields_onshore,0.03999999999996489
