Year,Region,Hour,Technology,Fuel,value
2040,FR,1,CoalCHPPlant_CCS,Stored_CO2,10.96875
2040,NO,1,CoalCHPPlant_CCS,Stored_CO2,2.5456618705967213
2040,FR,2,CoalCHPPlant_CCS,Stored_CO2,10.96875
2040,NO,2,CoalCHPPlant_CCS,Stored_CO2,2.569475870596722
2040,FR,3,CoalCHPPlant_CCS,Stored_CO2,10.96875
2040,NO,3,CoalCHPPlant_CCS,Stored_CO2,2.5853518705967216
2040,UK,3,CoalCHPPlant_CCS,Stored_CO2,0.779246999999998
2050,UK,3,CoalCHPPlant_CCS,Stored_CO2,38.17592572499999
2040,FR,4,CoalCHPPlant_CCS,Stored_CO2,10.96875
2040,NO,4,CoalCHPPlant_CCS,Stored_CO2,2.365733870596722
2050,UK,4,CoalCHPPlant_CCS,Stored_CO2,35.441383949999995
2040,FR,5,CoalCHPPlant_CCS,Stored_CO2,10.96875
2040,NO,5,CoalCHPPlant_CCS,Stored_CO2,3.7493819999999998
2050,UK,5,CoalCHPPlant_CCS,Stored_CO2,32.017823775
2040,FR,6,CoalCHPPlant_CCS,Stored_CO2,10.904862857142856
2050,FR,6,CoalCHPPlant_CCS,Stored_CO2,1.3820544460759265
2040,NO,6,CoalCHPPlant_CCS,Stored_CO2,3.582684
2050,UK,6,CoalCHPPlant_CCS,Stored_CO2,28.89570915
2040,FR,7,CoalCHPPlant_CCS,Stored_CO2,9.811368
2040,NO,7,CoalCHPPlant_CCS,Stored_CO2,3.513888
2050,NO,7,CoalCHPPlant_CCS,Stored_CO2,1.5342910744673324
2050,UK,7,CoalCHPPlant_CCS,Stored_CO2,26.484144749999995
2040,FR,8,CoalCHPPlant_CCS,Stored_CO2,10.583562857142857
2040,NO,8,CoalCHPPlant_CCS,Stored_CO2,3.513888
2050,UK,8,CoalCHPPlant_CCS,Stored_CO2,22.786609768272733
2040,FR,9,CoalCHPPlant_CCS,Stored_CO2,9.414468
2040,NO,9,CoalCHPPlant_CCS,Stored_CO2,3.590622
2050,UK,9,CoalCHPPlant_CCS,Stored_CO2,6.864345047363636
2040,FR,10,CoalCHPPlant_CCS,Stored_CO2,8.922312
2040,NO,10,CoalCHPPlant_CCS,Stored_CO2,3.5244720000000003
2040,UK,10,CoalCHPPlant_CCS,Stored_CO2,10.127765952000004
2040,FR,11,CoalCHPPlant_CCS,Stored_CO2,8.676234
2040,NO,11,CoalCHPPlant_CCS,Stored_CO2,3.490074
2050,NO,11,CoalCHPPlant_CCS,Stored_CO2,3.6259354319771893
2040,UK,11,CoalCHPPlant_CCS,Stored_CO2,0.8226198525454606
2040,FR,12,CoalCHPPlant_CCS,Stored_CO2,8.37459
2040,NO,12,CoalCHPPlant_CCS,Stored_CO2,3.4424460000000003
2050,NO,12,CoalCHPPlant_CCS,Stored_CO2,3.6145683
2050,DK,12,CoalCHPPlant_CCS,Stored_CO2,0.26144108797997134
2040,UK,12,CoalCHPPlant_CCS,Stored_CO2,12.75148113345454
2040,FR,13,CoalCHPPlant_CCS,Stored_CO2,9.361037623875003
2040,NO,13,CoalCHPPlant_CCS,Stored_CO2,3.550932
2050,NO,13,CoalCHPPlant_CCS,Stored_CO2,3.7284786
2040,DK,13,CoalCHPPlant_CCS,Stored_CO2,10.087434868827321
2050,DK,13,CoalCHPPlant_CCS,Stored_CO2,11.168766000000002
2040,UK,13,CoalCHPPlant_CCS,Stored_CO2,23.3158905
2050,UK,13,CoalCHPPlant_CCS,Stored_CO2,24.481685024999997
2040,FR,14,CoalCHPPlant_CCS,Stored_CO2,8.35714285714286
2050,FR,14,CoalCHPPlant_CCS,Stored_CO2,9.960205500000002
2040,NO,14,CoalCHPPlant_CCS,Stored_CO2,3.6408959999999997
2040,DK,14,CoalCHPPlant_CCS,Stored_CO2,10.970316
2050,DK,14,CoalCHPPlant_CCS,Stored_CO2,11.3005368
2040,UK,14,CoalCHPPlant_CCS,Stored_CO2,24.587293499999998
2050,UK,14,CoalCHPPlant_CCS,Stored_CO2,25.816658174999997
2050,DE,15,CoalCHPPlant_CCS,Stored_CO2,7.3125
2040,FR,15,CoalCHPPlant_CCS,Stored_CO2,8.35714285714286
2050,FR,15,CoalCHPPlant_CCS,Stored_CO2,10.4853042
2040,NO,15,CoalCHPPlant_CCS,Stored_CO2,3.712338
2040,DK,15,CoalCHPPlant_CCS,Stored_CO2,11.23227
2050,DK,15,CoalCHPPlant_CCS,Stored_CO2,11.7938835
2040,UK,15,CoalCHPPlant_CCS,Stored_CO2,25.899709500000004
2050,UK,15,CoalCHPPlant_CCS,Stored_CO2,27.194694975
2040,FR,16,CoalCHPPlant_CCS,Stored_CO2,8.364172045648337
2040,NO,16,CoalCHPPlant_CCS,Stored_CO2,3.77055
2050,NO,16,CoalCHPPlant_CCS,Stored_CO2,3.9590775
2040,DK,16,CoalCHPPlant_CCS,Stored_CO2,11.438657999999998
2050,DK,16,CoalCHPPlant_CCS,Stored_CO2,12.010590899999999
2040,UK,16,CoalCHPPlant_CCS,Stored_CO2,29.049158829258726
2050,UK,16,CoalCHPPlant_CCS,Stored_CO2,28.357413525
2050,DE,17,CoalCHPPlant_CCS,Stored_CO2,7.3125
2040,FR,17,CoalCHPPlant_CCS,Stored_CO2,9.971000867142859
2050,FR,17,CoalCHPPlant_CCS,Stored_CO2,10.96875
2040,NO,17,CoalCHPPlant_CCS,Stored_CO2,3.7044
2040,DK,17,CoalCHPPlant_CCS,Stored_CO2,11.23227
2050,DK,17,CoalCHPPlant_CCS,Stored_CO2,11.7938835
2040,UK,17,CoalCHPPlant_CCS,Stored_CO2,42.490390446133325
2050,UK,17,CoalCHPPlant_CCS,Stored_CO2,29.541663899999996
2040,FR,18,CoalCHPPlant_CCS,Stored_CO2,10.96875
2050,FR,18,CoalCHPPlant_CCS,Stored_CO2,10.96875
2040,NO,18,CoalCHPPlant_CCS,Stored_CO2,3.7282139999999995
2050,NO,18,CoalCHPPlant_CCS,Stored_CO2,3.9146247
2040,DK,18,CoalCHPPlant_CCS,Stored_CO2,11.319588
2050,DK,18,CoalCHPPlant_CCS,Stored_CO2,11.667272399999998
2040,UK,18,CoalCHPPlant_CCS,Stored_CO2,36.14769722693333
2050,UK,18,CoalCHPPlant_CCS,Stored_CO2,30.187618649999997
2050,DE,19,CoalCHPPlant_CCS,Stored_CO2,7.3125
2040,FR,19,CoalCHPPlant_CCS,Stored_CO2,8.35714285714286
2040,NO,19,CoalCHPPlant_CCS,Stored_CO2,4.572200599877061
2040,DK,19,CoalCHPPlant_CCS,Stored_CO2,11.414844
2050,DK,19,CoalCHPPlant_CCS,Stored_CO2,11.9855862
2040,UK,19,CoalCHPPlant_CCS,Stored_CO2,34.681738086133336
2050,UK,19,CoalCHPPlant_CCS,Stored_CO2,30.747446099999998
2050,DE,20,CoalCHPPlant_CCS,Stored_CO2,7.3125
2040,FR,20,CoalCHPPlant_CCS,Stored_CO2,8.35714285714286
2050,FR,20,CoalCHPPlant_CCS,Stored_CO2,10.96875
2040,NO,20,CoalCHPPlant_CCS,Stored_CO2,5.611081954933335
2050,NO,20,CoalCHPPlant_CCS,Stored_CO2,4.0702095
2040,DK,20,CoalCHPPlant_CCS,Stored_CO2,11.835557999999999
2050,DK,20,CoalCHPPlant_CCS,Stored_CO2,12.4273359
2040,UK,20,CoalCHPPlant_CCS,Stored_CO2,41.89161292133333
2050,UK,20,CoalCHPPlant_CCS,Stored_CO2,31.221146249999997
2040,DE,21,CoalCHPPlant_CCS,Stored_CO2,7.3125
2050,DE,21,CoalCHPPlant_CCS,Stored_CO2,7.3125
2040,FR,21,CoalCHPPlant_CCS,Stored_CO2,8.35714285714286
2050,FR,21,CoalCHPPlant_CCS,Stored_CO2,10.96875
2040,NO,21,CoalCHPPlant_CCS,Stored_CO2,4.271430309999998
2050,NO,21,CoalCHPPlant_CCS,Stored_CO2,4.0896576
2040,DK,21,CoalCHPPlant_CCS,Stored_CO2,11.906999999999998
2050,DK,21,CoalCHPPlant_CCS,Stored_CO2,12.50235
2040,UK,21,CoalCHPPlant_CCS,Stored_CO2,46.075711371333334
2050,UK,21,CoalCHPPlant_CCS,Stored_CO2,31.694846399999996
2040,DE,22,CoalCHPPlant_CCS,Stored_CO2,7.3125
2050,DE,22,CoalCHPPlant_CCS,Stored_CO2,7.3125
2040,FR,22,CoalCHPPlant_CCS,Stored_CO2,10.96875
2050,FR,22,CoalCHPPlant_CCS,Stored_CO2,10.96875
2040,NO,22,CoalCHPPlant_CCS,Stored_CO2,4.140999481882111
2040,DK,22,CoalCHPPlant_CCS,Stored_CO2,11.930814
2050,DK,22,CoalCHPPlant_CCS,Stored_CO2,12.309059699999999
2040,UK,22,CoalCHPPlant_CCS,Stored_CO2,40.54385249773333
2050,UK,22,CoalCHPPlant_CCS,Stored_CO2,49.96439098355934
2040,DE,23,CoalCHPPlant_CCS,Stored_CO2,7.3125
2040,FR,23,CoalCHPPlant_CCS,Stored_CO2,8.540522203250001
2040,NO,23,CoalCHPPlant_CCS,Stored_CO2,8.7216180164
2050,NO,23,CoalCHPPlant_CCS,Stored_CO2,4.1063274
2040,DK,23,CoalCHPPlant_CCS,Stored_CO2,11.970504
2050,DK,23,CoalCHPPlant_CCS,Stored_CO2,12.3507342
2040,UK,23,CoalCHPPlant_CCS,Stored_CO2,30.9032955
2050,UK,23,CoalCHPPlant_CCS,Stored_CO2,41.99328632713333
2040,DE,24,CoalCHPPlant_CCS,Stored_CO2,7.3125
2040,FR,24,CoalCHPPlant_CCS,Stored_CO2,10.96875
2040,NO,24,CoalCHPPlant_CCS,Stored_CO2,9.504458571428572
2050,NO,24,CoalCHPPlant_CCS,Stored_CO2,4.1146623
2040,DK,24,CoalCHPPlant_CCS,Stored_CO2,12.002256
2050,DK,24,CoalCHPPlant_CCS,Stored_CO2,12.6023688
2040,UK,24,CoalCHPPlant_CCS,Stored_CO2,31.313425499999997
2050,UK,24,CoalCHPPlant_CCS,Stored_CO2,32.879096774999994
2040,DE,25,CoalCHPPlant_CCS,Stored_CO2,7.3125
2040,FR,25,CoalCHPPlant_CCS,Stored_CO2,10.96875
2050,FR,25,CoalCHPPlant_CCS,Stored_CO2,10.96875
2040,NO,25,CoalCHPPlant_CCS,Stored_CO2,9.303046757200002
2040,DK,25,CoalCHPPlant_CCS,Stored_CO2,12.62142
2050,DK,25,CoalCHPPlant_CCS,Stored_CO2,13.034196000000001
2040,UK,25,CoalCHPPlant_CCS,Stored_CO2,33.733192499999994
2050,UK,25,CoalCHPPlant_CCS,Stored_CO2,38.65554862366666
2040,DE,26,CoalCHPPlant_CCS,Stored_CO2,7.3125
2050,DE,26,CoalCHPPlant_CCS,Stored_CO2,7.3125
2040,FR,26,CoalCHPPlant_CCS,Stored_CO2,8.35714285714286
2050,FR,26,CoalCHPPlant_CCS,Stored_CO2,10.96875
2040,NO,26,CoalCHPPlant_CCS,Stored_CO2,6.580104819333333
2050,NO,26,CoalCHPPlant_CCS,Stored_CO2,4.389714000000001
2040,DK,26,CoalCHPPlant_CCS,Stored_CO2,13.034196000000001
2050,DK,26,CoalCHPPlant_CCS,Stored_CO2,13.034196000000001
2040,UK,26,CoalCHPPlant_CCS,Stored_CO2,35.5787775
2050,UK,26,CoalCHPPlant_CCS,Stored_CO2,48.344943967666666
2040,DE,27,CoalCHPPlant_CCS,Stored_CO2,7.3125
2040,FR,27,CoalCHPPlant_CCS,Stored_CO2,10.96875
2040,NO,27,CoalCHPPlant_CCS,Stored_CO2,4.196555999999999
2040,DK,27,CoalCHPPlant_CCS,Stored_CO2,3.844940401585422
2040,UK,27,CoalCHPPlant_CCS,Stored_CO2,36.3580245
2040,DE,28,CoalCHPPlant_CCS,Stored_CO2,7.3125
2040,FR,28,CoalCHPPlant_CCS,Stored_CO2,10.96875
2040,NO,28,CoalCHPPlant_CCS,Stored_CO2,3.976938
2040,DK,28,CoalCHPPlant_CCS,Stored_CO2,3.0511404015854215
2040,UK,28,CoalCHPPlant_CCS,Stored_CO2,11.908006078545448
2040,DE,29,CoalCHPPlant_CCS,Stored_CO2,6.850679265818161
2040,FR,29,CoalCHPPlant_CCS,Stored_CO2,10.96875
2040,NO,29,CoalCHPPlant_CCS,Stored_CO2,3.7493819999999998
2040,DK,29,CoalCHPPlant_CCS,Stored_CO2,2.2255884015854233
2040,UK,29,CoalCHPPlant_CCS,Stored_CO2,8.647472578545448
2040,DE,30,CoalCHPPlant_CCS,Stored_CO2,3.1118812658181594
2040,FR,30,CoalCHPPlant_CCS,Stored_CO2,8.3349
2040,NO,30,CoalCHPPlant_CCS,Stored_CO2,2.7835919999999996
2040,DK,30,CoalCHPPlant_CCS,Stored_CO2,0.8677259009090857
2040,UK,30,CoalCHPPlant_CCS,Stored_CO2,4.102243903240661
2040,DE,31,CoalCHPPlant_CCS,Stored_CO2,6.882246
2040,FR,31,CoalCHPPlant_CCS,Stored_CO2,5.310522
2040,NO,31,CoalCHPPlant_CCS,Stored_CO2,1.902474
2040,DK,31,CoalCHPPlant_CCS,Stored_CO2,4.175360290545455
2040,DE,32,CoalCHPPlant_CCS,Stored_CO2,6.54885
2040,FR,32,CoalCHPPlant_CCS,Stored_CO2,2.8656179999999996
2040,NO,32,CoalCHPPlant_CCS,Stored_CO2,1.1007359999999997
2040,DK,32,CoalCHPPlant_CCS,Stored_CO2,3.29427
2040,DE,33,CoalCHPPlant_CCS,Stored_CO2,5.381963999999999
2040,FR,33,CoalCHPPlant_CCS,Stored_CO2,2.7147959999999998
2040,NO,33,CoalCHPPlant_CCS,Stored_CO2,1.5211826679999998
2040,DK,33,CoalCHPPlant_CCS,Stored_CO2,3.2307659999999996
2040,UK,33,CoalCHPPlant_CCS,Stored_CO2,8.633236499999999
2040,DE,34,CoalCHPPlant_CCS,Stored_CO2,7.3125
2040,FR,34,CoalCHPPlant_CCS,Stored_CO2,2.683044
2040,NO,34,CoalCHPPlant_CCS,Stored_CO2,1.1007359999999997
2040,DK,34,CoalCHPPlant_CCS,Stored_CO2,3.29427
2040,UK,34,CoalCHPPlant_CCS,Stored_CO2,8.5512105
2040,DE,35,CoalCHPPlant_CCS,Stored_CO2,7.3125
2040,FR,35,CoalCHPPlant_CCS,Stored_CO2,2.762424
2040,NO,35,CoalCHPPlant_CCS,Stored_CO2,1.16424
2040,DK,35,CoalCHPPlant_CCS,Stored_CO2,3.500658
2040,DE,36,CoalCHPPlant_CCS,Stored_CO2,7.3125
2040,FR,36,CoalCHPPlant_CCS,Stored_CO2,2.9767499999999996
2040,NO,36,CoalCHPPlant_CCS,Stored_CO2,1.251558
2040,DK,36,CoalCHPPlant_CCS,Stored_CO2,3.786426
2040,UK,36,CoalCHPPlant_CCS,Stored_CO2,1.7841880953513516
2040,DE,37,CoalCHPPlant_CCS,Stored_CO2,7.3125
2040,FR,37,CoalCHPPlant_CCS,Stored_CO2,3.397464
2040,NO,37,CoalCHPPlant_CCS,Stored_CO2,1.370628
2040,DK,37,CoalCHPPlant_CCS,Stored_CO2,4.183326
2040,UK,37,CoalCHPPlant_CCS,Stored_CO2,10.8069255
2040,DE,38,CoalCHPPlant_CCS,Stored_CO2,5.571428571428572
2040,FR,38,CoalCHPPlant_CCS,Stored_CO2,9.179292857142856
2040,NO,38,CoalCHPPlant_CCS,Stored_CO2,1.3812119999999999
2040,DK,38,CoalCHPPlant_CCS,Stored_CO2,4.159512
2040,UK,38,CoalCHPPlant_CCS,Stored_CO2,10.909457999999999
2040,DE,39,CoalCHPPlant_CCS,Stored_CO2,7.3125
2040,FR,39,CoalCHPPlant_CCS,Stored_CO2,9.194412857142858
2040,NO,39,CoalCHPPlant_CCS,Stored_CO2,3.9449391108
2040,DK,39,CoalCHPPlant_CCS,Stored_CO2,4.151574
2040,UK,39,CoalCHPPlant_CCS,Stored_CO2,11.07351
2040,DE,40,CoalCHPPlant_CCS,Stored_CO2,7.3125
2040,FR,40,CoalCHPPlant_CCS,Stored_CO2,9.175512857142857
2040,NO,40,CoalCHPPlant_CCS,Stored_CO2,5.653748587200001
2040,DK,40,CoalCHPPlant_CCS,Stored_CO2,4.16745
2040,UK,40,CoalCHPPlant_CCS,Stored_CO2,10.786418999999999
2040,DE,41,CoalCHPPlant_CCS,Stored_CO2,7.3125
2040,FR,41,CoalCHPPlant_CCS,Stored_CO2,8.35714285714286
2040,NO,41,CoalCHPPlant_CCS,Stored_CO2,2.8333689679999994
2040,DK,41,CoalCHPPlant_CCS,Stored_CO2,4.6040399999999995
2040,UK,41,CoalCHPPlant_CCS,Stored_CO2,11.8732635
2040,DE,42,CoalCHPPlant_CCS,Stored_CO2,7.3125
2040,FR,42,CoalCHPPlant_CCS,Stored_CO2,5.442986160284885
2040,NO,42,CoalCHPPlant_CCS,Stored_CO2,1.69344
2040,DK,42,CoalCHPPlant_CCS,Stored_CO2,4.937436
2040,UK,42,CoalCHPPlant_CCS,Stored_CO2,13.0626405
2040,DE,43,CoalCHPPlant_CCS,Stored_CO2,7.3125
2040,FR,43,CoalCHPPlant_CCS,Stored_CO2,4.6675439999999995
2040,NO,43,CoalCHPPlant_CCS,Stored_CO2,3.6069355396000002
2040,DK,43,CoalCHPPlant_CCS,Stored_CO2,5.151762000000001
2040,UK,43,CoalCHPPlant_CCS,Stored_CO2,14.518602000000001
2040,DE,44,CoalCHPPlant_CCS,Stored_CO2,6.501221999999999
2040,FR,44,CoalCHPPlant_CCS,Stored_CO2,5.12001
2040,NO,44,CoalCHPPlant_CCS,Stored_CO2,1.82574
2040,DK,44,CoalCHPPlant_CCS,Stored_CO2,5.350212
2040,UK,44,CoalCHPPlant_CCS,Stored_CO2,15.851524499999998
2040,DE,45,CoalCHPPlant_CCS,Stored_CO2,7.3125
2040,FR,45,CoalCHPPlant_CCS,Stored_CO2,5.532785999999999
2040,NO,45,CoalCHPPlant_CCS,Stored_CO2,6.4959139212000006
2040,DK,45,CoalCHPPlant_CCS,Stored_CO2,5.548661999999999
2040,UK,45,CoalCHPPlant_CCS,Stored_CO2,16.9998885
2040,DE,46,CoalCHPPlant_CCS,Stored_CO2,5.571428571428572
2040,FR,46,CoalCHPPlant_CCS,Stored_CO2,8.630440441743497
2040,NO,46,CoalCHPPlant_CCS,Stored_CO2,5.71639062
2040,DK,46,CoalCHPPlant_CCS,Stored_CO2,6.366276
2040,UK,46,CoalCHPPlant_CCS,Stored_CO2,20.0758635
2040,DE,47,CoalCHPPlant_CCS,Stored_CO2,7.127211774050602
2040,FR,47,CoalCHPPlant_CCS,Stored_CO2,10.201782857142856
2040,NO,47,CoalCHPPlant_CCS,Stored_CO2,6.5294987544000005
2040,DK,47,CoalCHPPlant_CCS,Stored_CO2,6.993378
2040,UK,47,CoalCHPPlant_CCS,Stored_CO2,22.9467735
2040,DE,48,CoalCHPPlant_CCS,Stored_CO2,7.3125
2040,FR,48,CoalCHPPlant_CCS,Stored_CO2,8.35714285714286
2040,NO,48,CoalCHPPlant_CCS,Stored_CO2,6.7907712568
2040,DK,48,CoalCHPPlant_CCS,Stored_CO2,7.334712
2040,UK,48,CoalCHPPlant_CCS,Stored_CO2,24.9564105
2040,DE,49,CoalCHPPlant_CCS,Stored_CO2,6.178391040533333
2040,FR,49,CoalCHPPlant_CCS,Stored_CO2,8.35714285714286
2040,NO,49,CoalCHPPlant_CCS,Stored_CO2,5.7822235612
2040,DK,49,CoalCHPPlant_CCS,Stored_CO2,6.70761
2040,UK,49,CoalCHPPlant_CCS,Stored_CO2,23.623488000000002
2040,FR,50,CoalCHPPlant_CCS,Stored_CO2,7.168014
2040,NO,50,CoalCHPPlant_CCS,Stored_CO2,1.9104119999999998
2040,UK,50,CoalCHPPlant_CCS,Stored_CO2,16.980904477636372
2040,FR,51,CoalCHPPlant_CCS,Stored_CO2,6.207516
2040,NO,51,CoalCHPPlant_CCS,Stored_CO2,1.6722720000000002
2040,UK,51,CoalCHPPlant_CCS,Stored_CO2,5.414334888545455
2040,FR,52,CoalCHPPlant_CCS,Stored_CO2,5.167638
2040,NO,52,CoalCHPPlant_CCS,Stored_CO2,1.479114
2040,FR,53,CoalCHPPlant_CCS,Stored_CO2,4.151574
2040,NO,53,CoalCHPPlant_CCS,Stored_CO2,1.3362299999999998
2040,UK,53,CoalCHPPlant_CCS,Stored_CO2,4.847426713368421
2040,FR,54,CoalCHPPlant_CCS,Stored_CO2,3.460968
2040,NO,54,CoalCHPPlant_CCS,Stored_CO2,1.238328
2040,UK,54,CoalCHPPlant_CCS,Stored_CO2,11.0119905
2040,FR,55,CoalCHPPlant_CCS,Stored_CO2,3.0481920000000002
2040,NO,55,CoalCHPPlant_CCS,Stored_CO2,1.16424
2040,UK,55,CoalCHPPlant_CCS,Stored_CO2,9.740587499999998
2040,FR,56,CoalCHPPlant_CCS,Stored_CO2,2.8656179999999996
2040,NO,56,CoalCHPPlant_CCS,Stored_CO2,1.1007359999999997
2040,UK,56,CoalCHPPlant_CCS,Stored_CO2,9.145899
2040,DE,57,CoalCHPPlant_CCS,Stored_CO2,3.976938
2040,FR,57,CoalCHPPlant_CCS,Stored_CO2,2.7147959999999998
2040,NO,57,CoalCHPPlant_CCS,Stored_CO2,1.079568
2040,DK,57,CoalCHPPlant_CCS,Stored_CO2,2.8123798411818197
2040,UK,57,CoalCHPPlant_CCS,Stored_CO2,8.633236499999999
2040,DE,58,CoalCHPPlant_CCS,Stored_CO2,3.976938
2040,FR,58,CoalCHPPlant_CCS,Stored_CO2,2.683044
2040,NO,58,CoalCHPPlant_CCS,Stored_CO2,1.1007359999999997
2040,DK,58,CoalCHPPlant_CCS,Stored_CO2,3.29427
2040,UK,58,CoalCHPPlant_CCS,Stored_CO2,8.5512105
2040,DE,59,CoalCHPPlant_CCS,Stored_CO2,3.976938
2040,FR,59,CoalCHPPlant_CCS,Stored_CO2,2.762424
2040,NO,59,CoalCHPPlant_CCS,Stored_CO2,1.16424
2040,DK,59,CoalCHPPlant_CCS,Stored_CO2,3.500658
2040,UK,59,CoalCHPPlant_CCS,Stored_CO2,8.7972885
2040,DE,60,CoalCHPPlant_CCS,Stored_CO2,3.976938
2040,FR,60,CoalCHPPlant_CCS,Stored_CO2,2.294082
2040,NO,60,CoalCHPPlant_CCS,Stored_CO2,2.4149218808000006
2040,DK,60,CoalCHPPlant_CCS,Stored_CO2,2.8656179999999996
2040,UK,60,CoalCHPPlant_CCS,Stored_CO2,7.0542359999999995
2040,DE,61,CoalCHPPlant_CCS,Stored_CO2,4.16745
2040,FR,61,CoalCHPPlant_CCS,Stored_CO2,1.817802
2040,NO,61,CoalCHPPlant_CCS,Stored_CO2,2.0434853480000004
2040,DK,61,CoalCHPPlant_CCS,Stored_CO2,2.3020199999999997
2040,UK,61,CoalCHPPlant_CCS,Stored_CO2,5.311183499999999
2040,DE,62,CoalCHPPlant_CCS,Stored_CO2,4.619916
2040,FR,62,CoalCHPPlant_CCS,Stored_CO2,1.341522
2040,NO,62,CoalCHPPlant_CCS,Stored_CO2,1.3582619978
2040,DK,62,CoalCHPPlant_CCS,Stored_CO2,1.579662
2040,UK,62,CoalCHPPlant_CCS,Stored_CO2,3.5066114999999995
2040,DE,63,CoalCHPPlant_CCS,Stored_CO2,5.0715281023999985
2040,FR,63,CoalCHPPlant_CCS,Stored_CO2,1.333584
2040,NO,63,CoalCHPPlant_CCS,Stored_CO2,0.8544732766
2040,DK,63,CoalCHPPlant_CCS,Stored_CO2,1.6431659999999997
2040,UK,63,CoalCHPPlant_CCS,Stored_CO2,6.345720681181181
2040,DE,64,CoalCHPPlant_CCS,Stored_CO2,6.4962940728000005
2040,FR,64,CoalCHPPlant_CCS,Stored_CO2,1.333584
2040,NO,64,CoalCHPPlant_CCS,Stored_CO2,0.6482699999999999
2040,DK,64,CoalCHPPlant_CCS,Stored_CO2,1.730484
2040,UK,64,CoalCHPPlant_CCS,Stored_CO2,16.783451480641155
2040,DE,65,CoalCHPPlant_CCS,Stored_CO2,6.7224385714285715
2040,FR,65,CoalCHPPlant_CCS,Stored_CO2,1.3573979999999999
2040,NO,65,CoalCHPPlant_CCS,Stored_CO2,3.2455957155999995
2040,DK,65,CoalCHPPlant_CCS,Stored_CO2,2.000376
2040,UK,65,CoalCHPPlant_CCS,Stored_CO2,19.809003163333333
2040,DE,66,CoalCHPPlant_CCS,Stored_CO2,6.762128571428571
2040,FR,66,CoalCHPPlant_CCS,Stored_CO2,1.4129639999999999
2040,NO,66,CoalCHPPlant_CCS,Stored_CO2,2.789466562
2040,DK,66,CoalCHPPlant_CCS,Stored_CO2,2.230578
2040,UK,66,CoalCHPPlant_CCS,Stored_CO2,16.542396377333333
2040,DE,67,CoalCHPPlant_CCS,Stored_CO2,6.609038571428571
2040,FR,67,CoalCHPPlant_CCS,Stored_CO2,1.492344
2040,NO,67,CoalCHPPlant_CCS,Stored_CO2,4.9034996377999995
2040,DK,67,CoalCHPPlant_CCS,Stored_CO2,2.357586
2040,UK,67,CoalCHPPlant_CCS,Stored_CO2,17.12525072813333
2040,DE,68,CoalCHPPlant_CCS,Stored_CO2,6.523988571428571
2040,FR,68,CoalCHPPlant_CCS,Stored_CO2,8.738922857142857
2040,NO,68,CoalCHPPlant_CCS,Stored_CO2,5.8368004112000005
2040,DK,68,CoalCHPPlant_CCS,Stored_CO2,2.46078
2040,UK,68,CoalCHPPlant_CCS,Stored_CO2,17.875853828133334
2040,DE,69,CoalCHPPlant_CCS,Stored_CO2,6.518318571428572
2040,FR,69,CoalCHPPlant_CCS,Stored_CO2,8.35714285714286
2040,NO,69,CoalCHPPlant_CCS,Stored_CO2,5.4868802714
2040,DK,69,CoalCHPPlant_CCS,Stored_CO2,3.612533639950037
2040,UK,69,CoalCHPPlant_CCS,Stored_CO2,16.353945345333333
2040,DE,70,CoalCHPPlant_CCS,Stored_CO2,5.571428571428572
2040,FR,70,CoalCHPPlant_CCS,Stored_CO2,8.35714285714286
2040,NO,70,CoalCHPPlant_CCS,Stored_CO2,5.649818665000001
2040,DK,70,CoalCHPPlant_CCS,Stored_CO2,6.417257282133333
2040,UK,70,CoalCHPPlant_CCS,Stored_CO2,11.488843612133333
2040,DE,71,CoalCHPPlant_CCS,Stored_CO2,6.523988571428571
2040,FR,71,CoalCHPPlant_CCS,Stored_CO2,8.35714285714286
2040,NO,71,CoalCHPPlant_CCS,Stored_CO2,4.9222061416
2040,DK,71,CoalCHPPlant_CCS,Stored_CO2,7.558118720133335
2040,UK,71,CoalCHPPlant_CCS,Stored_CO2,12.857246930933336
2040,DE,72,CoalCHPPlant_CCS,Stored_CO2,5.571428571428572
2040,FR,72,CoalCHPPlant_CCS,Stored_CO2,9.120702857142858
2040,NO,72,CoalCHPPlant_CCS,Stored_CO2,6.1384775178
2040,DK,72,CoalCHPPlant_CCS,Stored_CO2,9.166626000000003
2040,UK,72,CoalCHPPlant_CCS,Stored_CO2,22.786136461333335
2040,DE,73,CoalCHPPlant_CCS,Stored_CO2,5.571428571428572
2040,FR,73,CoalCHPPlant_CCS,Stored_CO2,8.35714285714286
2040,NO,73,CoalCHPPlant_CCS,Stored_CO2,6.501472698400001
2040,DK,73,CoalCHPPlant_CCS,Stored_CO2,3.4371539999999996
2040,UK,73,CoalCHPPlant_CCS,Stored_CO2,23.855336957333336
2040,DE,74,CoalCHPPlant_CCS,Stored_CO2,5.762987999999999
2040,FR,74,CoalCHPPlant_CCS,Stored_CO2,2.7306719999999998
2040,NO,74,CoalCHPPlant_CCS,Stored_CO2,0.934038
2040,DK,74,CoalCHPPlant_CCS,Stored_CO2,2.833866
2040,UK,74,CoalCHPPlant_CCS,Stored_CO2,8.448678000000001
2040,DE,75,CoalCHPPlant_CCS,Stored_CO2,4.548474
2040,FR,75,CoalCHPPlant_CCS,Stored_CO2,2.071818
2040,NO,75,CoalCHPPlant_CCS,Stored_CO2,0.751464
2040,DK,75,CoalCHPPlant_CCS,Stored_CO2,2.230578
2040,UK,75,CoalCHPPlant_CCS,Stored_CO2,6.377521499999999
2040,DE,76,CoalCHPPlant_CCS,Stored_CO2,3.976938
2040,FR,76,CoalCHPPlant_CCS,Stored_CO2,1.6193520000000001
2040,NO,76,CoalCHPPlant_CCS,Stored_CO2,0.632394
2040,DK,76,CoalCHPPlant_CCS,Stored_CO2,1.8098639999999997
2040,UK,76,CoalCHPPlant_CCS,Stored_CO2,4.778014499999999
2040,DE,77,CoalCHPPlant_CCS,Stored_CO2,3.976938
2040,FR,77,CoalCHPPlant_CCS,Stored_CO2,1.4129639999999999
2040,NO,77,CoalCHPPlant_CCS,Stored_CO2,0.566244
2040,DK,77,CoalCHPPlant_CCS,Stored_CO2,1.5637860000000001
2040,UK,77,CoalCHPPlant_CCS,Stored_CO2,3.8757285
2040,DE,78,CoalCHPPlant_CCS,Stored_CO2,3.976938
2040,FR,78,CoalCHPPlant_CCS,Stored_CO2,1.3494599999999999
2040,NO,78,CoalCHPPlant_CCS,Stored_CO2,0.5292
2040,DK,78,CoalCHPPlant_CCS,Stored_CO2,1.444716
2040,UK,78,CoalCHPPlant_CCS,Stored_CO2,3.5681309999999997
2040,DE,79,CoalCHPPlant_CCS,Stored_CO2,3.976938
2040,FR,79,CoalCHPPlant_CCS,Stored_CO2,1.333584
2040,NO,79,CoalCHPPlant_CCS,Stored_CO2,0.508032
2040,DK,79,CoalCHPPlant_CCS,Stored_CO2,1.3970879999999999
2040,UK,79,CoalCHPPlant_CCS,Stored_CO2,3.4450920000000003
2040,DE,80,CoalCHPPlant_CCS,Stored_CO2,3.976938
2040,FR,80,CoalCHPPlant_CCS,Stored_CO2,1.325646
2040,NO,80,CoalCHPPlant_CCS,Stored_CO2,0.49215600000000004
2040,DK,80,CoalCHPPlant_CCS,Stored_CO2,1.3653359999999999
2040,UK,80,CoalCHPPlant_CCS,Stored_CO2,3.4245855
2040,DE,81,CoalCHPPlant_CCS,Stored_CO2,3.976938
2040,FR,81,CoalCHPPlant_CCS,Stored_CO2,1.325646
2040,NO,81,CoalCHPPlant_CCS,Stored_CO2,0.48951
2040,DK,81,CoalCHPPlant_CCS,Stored_CO2,1.3653359999999999
2040,UK,81,CoalCHPPlant_CCS,Stored_CO2,3.4245855
2040,DE,82,CoalCHPPlant_CCS,Stored_CO2,3.976938
2040,FR,82,CoalCHPPlant_CCS,Stored_CO2,1.325646
2040,NO,82,CoalCHPPlant_CCS,Stored_CO2,2.1109930038
2040,DK,82,CoalCHPPlant_CCS,Stored_CO2,1.373274
2040,UK,82,CoalCHPPlant_CCS,Stored_CO2,3.4245855
2040,DE,83,CoalCHPPlant_CCS,Stored_CO2,6.518318571428572
2040,FR,83,CoalCHPPlant_CCS,Stored_CO2,1.325646
2040,NO,83,CoalCHPPlant_CCS,Stored_CO2,3.9167945758000005
2040,DK,83,CoalCHPPlant_CCS,Stored_CO2,4.2338513316
2040,UK,83,CoalCHPPlant_CCS,Stored_CO2,3.4245855
2040,DE,84,CoalCHPPlant_CCS,Stored_CO2,5.571428571428572
2040,FR,84,CoalCHPPlant_CCS,Stored_CO2,8.35714285714286
2040,NO,84,CoalCHPPlant_CCS,Stored_CO2,3.2046721735999992
2050,NO,84,CoalCHPPlant_CCS,Stored_CO2,0.55566
2040,DK,84,CoalCHPPlant_CCS,Stored_CO2,3.2065362736000003
2040,UK,84,CoalCHPPlant_CCS,Stored_CO2,3.4450920000000003
2040,DE,85,CoalCHPPlant_CCS,Stored_CO2,5.040969860000001
2040,FR,85,CoalCHPPlant_CCS,Stored_CO2,1.341522
2040,NO,85,CoalCHPPlant_CCS,Stored_CO2,4.3674953537115
2040,DK,85,CoalCHPPlant_CCS,Stored_CO2,2.5777621844
2040,UK,85,CoalCHPPlant_CCS,Stored_CO2,3.5066114999999995
2040,DE,86,CoalCHPPlant_CCS,Stored_CO2,4.000752
2040,FR,86,CoalCHPPlant_CCS,Stored_CO2,1.341522
2040,NO,86,CoalCHPPlant_CCS,Stored_CO2,4.1908706382
2040,DK,86,CoalCHPPlant_CCS,Stored_CO2,2.8329076748
2040,UK,86,CoalCHPPlant_CCS,Stored_CO2,3.5066114999999995
2040,DE,87,CoalCHPPlant_CCS,Stored_CO2,6.501221999999999
2040,FR,87,CoalCHPPlant_CCS,Stored_CO2,1.333584
2040,NO,87,CoalCHPPlant_CCS,Stored_CO2,2.7664698193999993
2040,DK,87,CoalCHPPlant_CCS,Stored_CO2,1.6431659999999997
2040,UK,87,CoalCHPPlant_CCS,Stored_CO2,3.5066114999999995
2040,DE,88,CoalCHPPlant_CCS,Stored_CO2,7.3125
2030,FR,88,CoalCHPPlant_CCS,Stored_CO2,7.208113248366186
2040,FR,88,CoalCHPPlant_CCS,Stored_CO2,8.129251024
2040,NO,88,CoalCHPPlant_CCS,Stored_CO2,4.2325358442
2040,DK,88,CoalCHPPlant_CCS,Stored_CO2,1.730484
2040,UK,88,CoalCHPPlant_CCS,Stored_CO2,3.5066114999999995
2040,DE,89,CoalCHPPlant_CCS,Stored_CO2,7.3125
2030,FR,89,CoalCHPPlant_CCS,Stored_CO2,17.735498640133336
2040,FR,89,CoalCHPPlant_CCS,Stored_CO2,8.680332857142858
2040,NO,89,CoalCHPPlant_CCS,Stored_CO2,3.3893187451999998
2040,DK,89,CoalCHPPlant_CCS,Stored_CO2,2.000376
2040,UK,89,CoalCHPPlant_CCS,Stored_CO2,3.6501569999999997
2040,DE,90,CoalCHPPlant_CCS,Stored_CO2,7.3125
2030,FR,90,CoalCHPPlant_CCS,Stored_CO2,12.989676202800002
2040,FR,90,CoalCHPPlant_CCS,Stored_CO2,8.86802456745692
2040,NO,90,CoalCHPPlant_CCS,Stored_CO2,4.9931870268
2040,DK,90,CoalCHPPlant_CCS,Stored_CO2,4.143636
2040,UK,90,CoalCHPPlant_CCS,Stored_CO2,9.2894445
2040,DE,91,CoalCHPPlant_CCS,Stored_CO2,7.3125
2030,FR,91,CoalCHPPlant_CCS,Stored_CO2,10.293136061200002
2040,FR,91,CoalCHPPlant_CCS,Stored_CO2,9.957972857142856
2040,NO,91,CoalCHPPlant_CCS,Stored_CO2,4.3921557566
2040,DK,91,CoalCHPPlant_CCS,Stored_CO2,6.3504
2040,UK,91,CoalCHPPlant_CCS,Stored_CO2,15.954056999999999
2040,DE,92,CoalCHPPlant_CCS,Stored_CO2,5.571428571428572
2030,FR,92,CoalCHPPlant_CCS,Stored_CO2,12.727279524000002
2040,FR,92,CoalCHPPlant_CCS,Stored_CO2,10.708302857142856
2040,NO,92,CoalCHPPlant_CCS,Stored_CO2,5.314736010800001
2040,DK,92,CoalCHPPlant_CCS,Stored_CO2,8.596853999999999
2040,UK,92,CoalCHPPlant_CCS,Stored_CO2,23.008293
2040,DE,93,CoalCHPPlant_CCS,Stored_CO2,7.3125
2030,FR,93,CoalCHPPlant_CCS,Stored_CO2,11.310676748399999
2040,FR,93,CoalCHPPlant_CCS,Stored_CO2,9.124314164375
2040,NO,93,CoalCHPPlant_CCS,Stored_CO2,4.5584515618
2040,DK,93,CoalCHPPlant_CCS,Stored_CO2,8.676234
2040,UK,93,CoalCHPPlant_CCS,Stored_CO2,23.685007499999998
2040,DE,94,CoalCHPPlant_CCS,Stored_CO2,7.3125
2030,FR,94,CoalCHPPlant_CCS,Stored_CO2,8.635675367276907
2040,FR,94,CoalCHPPlant_CCS,Stored_CO2,9.11551335721153
2040,NO,94,CoalCHPPlant_CCS,Stored_CO2,6.0733131118
2040,DK,94,CoalCHPPlant_CCS,Stored_CO2,8.787365999999999
2040,UK,94,CoalCHPPlant_CCS,Stored_CO2,24.19767
2040,DE,95,CoalCHPPlant_CCS,Stored_CO2,5.571428571428572
2030,FR,95,CoalCHPPlant_CCS,Stored_CO2,7.700517973199999
2040,FR,95,CoalCHPPlant_CCS,Stored_CO2,8.659205774250001
2040,NO,95,CoalCHPPlant_CCS,Stored_CO2,7.769363371600001
2050,NO,95,CoalCHPPlant_CCS,Stored_CO2,3.0783564
2040,DK,95,CoalCHPPlant_CCS,Stored_CO2,8.922312
2040,UK,95,CoalCHPPlant_CCS,Stored_CO2,24.730838999999996
2040,DE,96,CoalCHPPlant_CCS,Stored_CO2,5.571428571428572
2030,FR,96,CoalCHPPlant_CCS,Stored_CO2,8.291343531600003
2040,FR,96,CoalCHPPlant_CCS,Stored_CO2,8.35714285714286
2040,NO,96,CoalCHPPlant_CCS,Stored_CO2,7.7799724218
2050,NO,96,CoalCHPPlant_CCS,Stored_CO2,3.0839130000000003
2040,DK,96,CoalCHPPlant_CCS,Stored_CO2,11.545295538133335
2050,DK,96,CoalCHPPlant_CCS,Stored_CO2,2.572066859371329
2040,UK,96,CoalCHPPlant_CCS,Stored_CO2,24.997423499999996
2040,DE,97,CoalCHPPlant_CCS,Stored_CO2,5.571428571428572
2040,FR,97,CoalCHPPlant_CCS,Stored_CO2,10.96875
2040,NO,97,CoalCHPPlant_CCS,Stored_CO2,6.4852114495999995
2040,DK,97,CoalCHPPlant_CCS,Stored_CO2,9.462096
2040,UK,97,CoalCHPPlant_CCS,Stored_CO2,26.863515
2040,DE,98,CoalCHPPlant_CCS,Stored_CO2,7.3125
2040,FR,98,CoalCHPPlant_CCS,Stored_CO2,10.96875
2040,NO,98,CoalCHPPlant_CCS,Stored_CO2,5.232824746799999
2050,NO,98,CoalCHPPlant_CCS,Stored_CO2,3.3256251
2040,DK,98,CoalCHPPlant_CCS,Stored_CO2,9.731988
2050,DK,98,CoalCHPPlant_CCS,Stored_CO2,0.03999999999997373
2040,UK,98,CoalCHPPlant_CCS,Stored_CO2,27.8273205
2040,DE,99,CoalCHPPlant_CCS,Stored_CO2,7.3125
2040,FR,99,CoalCHPPlant_CCS,Stored_CO2,10.96875
2040,NO,99,CoalCHPPlant_CCS,Stored_CO2,3.9984260267999994
2050,NO,99,CoalCHPPlant_CCS,Stored_CO2,3.3284034
2040,DK,99,CoalCHPPlant_CCS,Stored_CO2,9.692298
2040,UK,99,CoalCHPPlant_CCS,Stored_CO2,27.642762
2040,DE,100,CoalCHPPlant_CCS,Stored_CO2,7.3125
2040,FR,100,CoalCHPPlant_CCS,Stored_CO2,10.605168
2040,NO,100,CoalCHPPlant_CCS,Stored_CO2,7.639858846599999
2050,NO,100,CoalCHPPlant_CCS,Stored_CO2,3.1867100999999995
2040,DK,100,CoalCHPPlant_CCS,Stored_CO2,9.120762000000001
2040,UK,100,CoalCHPPlant_CCS,Stored_CO2,24.6693195
2040,DE,101,CoalCHPPlant_CCS,Stored_CO2,7.3125
2040,FR,101,CoalCHPPlant_CCS,Stored_CO2,9.462096
2040,NO,101,CoalCHPPlant_CCS,Stored_CO2,8.276853877599999
2040,DK,101,CoalCHPPlant_CCS,Stored_CO2,8.588916
2040,UK,101,CoalCHPPlant_CCS,Stored_CO2,21.7573965
2040,DE,102,CoalCHPPlant_CCS,Stored_CO2,7.3125
2040,FR,102,CoalCHPPlant_CCS,Stored_CO2,8.541288
2040,NO,102,CoalCHPPlant_CCS,Stored_CO2,7.8825678428
2040,DK,102,CoalCHPPlant_CCS,Stored_CO2,8.311086
2040,UK,102,CoalCHPPlant_CCS,Stored_CO2,19.460668499999997
2040,DE,103,CoalCHPPlant_CCS,Stored_CO2,7.231373559851264
2040,FR,103,CoalCHPPlant_CCS,Stored_CO2,7.890371999999998
2040,NO,103,CoalCHPPlant_CCS,Stored_CO2,7.7756451572000005
2050,NO,103,CoalCHPPlant_CCS,Stored_CO2,2.9033235
2040,DK,103,CoalCHPPlant_CCS,Stored_CO2,7.985627999999999
2040,UK,103,CoalCHPPlant_CCS,Stored_CO2,17.8201485
2040,DE,104,CoalCHPPlant_CCS,Stored_CO2,7.3125
2040,FR,104,CoalCHPPlant_CCS,Stored_CO2,7.50141
2040,NO,104,CoalCHPPlant_CCS,Stored_CO2,7.031227229800002
2040,DK,104,CoalCHPPlant_CCS,Stored_CO2,7.938
2040,UK,104,CoalCHPPlant_CCS,Stored_CO2,16.81533
2040,DE,105,CoalCHPPlant_CCS,Stored_CO2,7.3125
2040,FR,105,CoalCHPPlant_CCS,Stored_CO2,8.35714285714286
2040,NO,105,CoalCHPPlant_CCS,Stored_CO2,3.218848249400001
2040,DK,105,CoalCHPPlant_CCS,Stored_CO2,7.437905999999999
2050,DK,105,CoalCHPPlant_CCS,Stored_CO2,7.591506299999999
2040,UK,105,CoalCHPPlant_CCS,Stored_CO2,18.206082965733337
2050,UK,105,CoalCHPPlant_CCS,Stored_CO2,3.8719640318181803
2040,DE,106,CoalCHPPlant_CCS,Stored_CO2,6.018226352083333
2030,FR,106,CoalCHPPlant_CCS,Stored_CO2,15.733699437466662
2040,FR,106,CoalCHPPlant_CCS,Stored_CO2,9.029005862517858
2050,FR,106,CoalCHPPlant_CCS,Stored_CO2,6.5262267
2040,NO,106,CoalCHPPlant_CCS,Stored_CO2,5.3501215906
2050,NO,106,CoalCHPPlant_CCS,Stored_CO2,2.6310500999999995
2040,DK,106,CoalCHPPlant_CCS,Stored_CO2,7.0489440000000005
2050,DK,106,CoalCHPPlant_CCS,Stored_CO2,7.1830962
2040,UK,106,CoalCHPPlant_CCS,Stored_CO2,16.83547588173333
2050,UK,106,CoalCHPPlant_CCS,Stored_CO2,14.297131799999999
2040,DE,107,CoalCHPPlant_CCS,Stored_CO2,5.571428571428572
2030,FR,107,CoalCHPPlant_CCS,Stored_CO2,17.387525026933332
2040,FR,107,CoalCHPPlant_CCS,Stored_CO2,9.778422857142857
2040,NO,107,CoalCHPPlant_CCS,Stored_CO2,5.616854221399998
2040,DK,107,CoalCHPPlant_CCS,Stored_CO2,6.790481610533335
2050,DK,107,CoalCHPPlant_CCS,Stored_CO2,7.017985800000001
2030,UK,107,CoalCHPPlant_CCS,Stored_CO2,6.500723691550995
2040,UK,107,CoalCHPPlant_CCS,Stored_CO2,23.36798661413333
2050,UK,107,CoalCHPPlant_CCS,Stored_CO2,13.715772524999998
2040,DE,108,CoalCHPPlant_CCS,Stored_CO2,5.571428571428572
2050,DE,108,CoalCHPPlant_CCS,Stored_CO2,7.3125
2030,FR,108,CoalCHPPlant_CCS,Stored_CO2,14.399884992933336
2040,FR,108,CoalCHPPlant_CCS,Stored_CO2,8.35714285714286
2050,FR,108,CoalCHPPlant_CCS,Stored_CO2,6.9513066
2040,NO,108,CoalCHPPlant_CCS,Stored_CO2,9.163628571428571
2050,NO,108,CoalCHPPlant_CCS,Stored_CO2,2.6116020000000004
2040,DK,108,CoalCHPPlant_CCS,Stored_CO2,11.450857118933333
2050,DK,108,CoalCHPPlant_CCS,Stored_CO2,7.3847214
2030,UK,108,CoalCHPPlant_CCS,Stored_CO2,10.233825357066666
2040,UK,108,CoalCHPPlant_CCS,Stored_CO2,30.323055488533335
2050,UK,108,CoalCHPPlant_CCS,Stored_CO2,15.438318525
2040,DE,109,CoalCHPPlant_CCS,Stored_CO2,5.571428571428572
2030,FR,109,CoalCHPPlant_CCS,Stored_CO2,20.538289835938812
2040,FR,109,CoalCHPPlant_CCS,Stored_CO2,10.071372857142858
2050,FR,109,CoalCHPPlant_CCS,Stored_CO2,7.559754300000001
2040,NO,109,CoalCHPPlant_CCS,Stored_CO2,7.66643071
2050,NO,109,CoalCHPPlant_CCS,Stored_CO2,2.6893944
2040,DK,109,CoalCHPPlant_CCS,Stored_CO2,7.334712
2050,DK,109,CoalCHPPlant_CCS,Stored_CO2,7.483152599999999
2030,UK,109,CoalCHPPlant_CCS,Stored_CO2,10.233825357066666
2040,UK,109,CoalCHPPlant_CCS,Stored_CO2,36.110796127333344
2050,UK,109,CoalCHPPlant_CCS,Stored_CO2,17.01014175
2040,DE,110,CoalCHPPlant_CCS,Stored_CO2,5.571428571428572
2030,FR,110,CoalCHPPlant_CCS,Stored_CO2,20.538289835938812
2040,FR,110,CoalCHPPlant_CCS,Stored_CO2,8.35714285714286
2040,NO,110,CoalCHPPlant_CCS,Stored_CO2,6.2214004418
2040,DK,110,CoalCHPPlant_CCS,Stored_CO2,7.636355999999999
2050,DK,110,CoalCHPPlant_CCS,Stored_CO2,8.0181738
2030,UK,110,CoalCHPPlant_CCS,Stored_CO2,10.233825357066666
2040,UK,110,CoalCHPPlant_CCS,Stored_CO2,37.628277127333334
2050,UK,110,CoalCHPPlant_CCS,Stored_CO2,18.6034968
2040,DE,111,CoalCHPPlant_CCS,Stored_CO2,7.3125
2030,FR,111,CoalCHPPlant_CCS,Stored_CO2,20.538289835938812
2040,FR,111,CoalCHPPlant_CCS,Stored_CO2,8.35714285714286
2050,FR,111,CoalCHPPlant_CCS,Stored_CO2,8.676630900000001
2040,NO,111,CoalCHPPlant_CCS,Stored_CO2,3.3674869738000006
2050,NO,111,CoalCHPPlant_CCS,Stored_CO2,2.8283093999999998
2040,DK,111,CoalCHPPlant_CCS,Stored_CO2,7.890371999999998
2050,DK,111,CoalCHPPlant_CCS,Stored_CO2,8.2848906
2030,UK,111,CoalCHPPlant_CCS,Stored_CO2,10.233825357066666
2040,UK,111,CoalCHPPlant_CCS,Stored_CO2,28.739532144533335
2050,UK,111,CoalCHPPlant_CCS,Stored_CO2,19.873874474999997
2040,DE,112,CoalCHPPlant_CCS,Stored_CO2,6.092021572583334
2050,DE,112,CoalCHPPlant_CCS,Stored_CO2,7.3125
2030,FR,112,CoalCHPPlant_CCS,Stored_CO2,20.538289835938812
2040,FR,112,CoalCHPPlant_CCS,Stored_CO2,8.35714285714286
2050,FR,112,CoalCHPPlant_CCS,Stored_CO2,9.151720200000002
2040,NO,112,CoalCHPPlant_CCS,Stored_CO2,2.754486
2040,DK,112,CoalCHPPlant_CCS,Stored_CO2,8.144388
2050,DK,112,CoalCHPPlant_CCS,Stored_CO2,8.5516074
2030,UK,112,CoalCHPPlant_CCS,Stored_CO2,0.509351296666668
2040,UK,112,CoalCHPPlant_CCS,Stored_CO2,20.0758635
2050,UK,112,CoalCHPPlant_CCS,Stored_CO2,21.079656675
2040,DE,113,CoalCHPPlant_CCS,Stored_CO2,7.031144306333333
2050,DE,113,CoalCHPPlant_CCS,Stored_CO2,7.3125
2030,FR,113,CoalCHPPlant_CCS,Stored_CO2,20.538289835938812
2040,FR,113,CoalCHPPlant_CCS,Stored_CO2,8.35714285714286
2040,NO,113,CoalCHPPlant_CCS,Stored_CO2,2.7968219999999997
2050,NO,113,CoalCHPPlant_CCS,Stored_CO2,2.9366630999999996
2040,DK,113,CoalCHPPlant_CCS,Stored_CO2,8.319024
2050,DK,113,CoalCHPPlant_CCS,Stored_CO2,8.516680199999998
2040,UK,113,CoalCHPPlant_CCS,Stored_CO2,20.91663
2050,UK,113,CoalCHPPlant_CCS,Stored_CO2,21.9624615
2040,DE,114,CoalCHPPlant_CCS,Stored_CO2,7.3125
2050,DE,114,CoalCHPPlant_CCS,Stored_CO2,7.3125
2030,FR,114,CoalCHPPlant_CCS,Stored_CO2,15.673902765024486
2040,FR,114,CoalCHPPlant_CCS,Stored_CO2,8.521070256928304
2050,FR,114,CoalCHPPlant_CCS,Stored_CO2,9.8018424
2040,NO,114,CoalCHPPlant_CCS,Stored_CO2,2.823282
2040,DK,114,CoalCHPPlant_CCS,Stored_CO2,8.446031999999999
2050,DK,114,CoalCHPPlant_CCS,Stored_CO2,8.650038599999998
2040,UK,114,CoalCHPPlant_CCS,Stored_CO2,21.654864
2050,UK,114,CoalCHPPlant_CCS,Stored_CO2,22.7376072
2040,DE,115,CoalCHPPlant_CCS,Stored_CO2,5.571428571428572
2030,FR,115,CoalCHPPlant_CCS,Stored_CO2,12.60514808658624
2040,FR,115,CoalCHPPlant_CCS,Stored_CO2,9.45967424299944
2050,FR,115,CoalCHPPlant_CCS,Stored_CO2,10.085229
2040,NO,115,CoalCHPPlant_CCS,Stored_CO2,5.606827848766664
2040,DK,115,CoalCHPPlant_CCS,Stored_CO2,8.541288
2050,DK,115,CoalCHPPlant_CCS,Stored_CO2,8.7500574
2040,UK,115,CoalCHPPlant_CCS,Stored_CO2,22.331578500000003
2050,UK,115,CoalCHPPlant_CCS,Stored_CO2,23.448157424999998
2040,DE,116,CoalCHPPlant_CCS,Stored_CO2,7.3125
2050,DE,116,CoalCHPPlant_CCS,Stored_CO2,7.3125
2030,FR,116,CoalCHPPlant_CCS,Stored_CO2,4.992613984507148
2040,FR,116,CoalCHPPlant_CCS,Stored_CO2,9.874872
2050,FR,116,CoalCHPPlant_CCS,Stored_CO2,8.2112109857066
2040,NO,116,CoalCHPPlant_CCS,Stored_CO2,8.571428571428573
2050,NO,116,CoalCHPPlant_CCS,Stored_CO2,3.0005640000000002
2040,DK,116,CoalCHPPlant_CCS,Stored_CO2,8.596853999999999
2050,DK,116,CoalCHPPlant_CCS,Stored_CO2,9.0266967
2040,UK,116,CoalCHPPlant_CCS,Stored_CO2,23.008293
2050,UK,116,CoalCHPPlant_CCS,Stored_CO2,24.15870765
2040,DE,117,CoalCHPPlant_CCS,Stored_CO2,5.571428571428572
2040,FR,117,CoalCHPPlant_CCS,Stored_CO2,10.144764
2050,FR,117,CoalCHPPlant_CCS,Stored_CO2,9.034987257204655
2040,NO,117,CoalCHPPlant_CCS,Stored_CO2,8.571428571428573
2040,DK,117,CoalCHPPlant_CCS,Stored_CO2,8.676234
2050,DK,117,CoalCHPPlant_CCS,Stored_CO2,8.8917507
2040,UK,117,CoalCHPPlant_CCS,Stored_CO2,23.685007499999998
2050,UK,117,CoalCHPPlant_CCS,Stored_CO2,24.869257875
2040,DE,118,CoalCHPPlant_CCS,Stored_CO2,5.571428571428572
2050,DE,118,CoalCHPPlant_CCS,Stored_CO2,7.3125
2040,FR,118,CoalCHPPlant_CCS,Stored_CO2,10.343213999999998
2040,NO,118,CoalCHPPlant_CCS,Stored_CO2,8.571428571428573
2050,NO,118,CoalCHPPlant_CCS,Stored_CO2,3.0450167999999995
2040,DK,118,CoalCHPPlant_CCS,Stored_CO2,14.580342000000002
2050,DK,118,CoalCHPPlant_CCS,Stored_CO2,9.0084393
2040,UK,118,CoalCHPPlant_CCS,Stored_CO2,24.19767
2050,UK,118,CoalCHPPlant_CCS,Stored_CO2,25.4075535
2040,DE,119,CoalCHPPlant_CCS,Stored_CO2,5.571428571428572
2050,DE,119,CoalCHPPlant_CCS,Stored_CO2,7.3125
2040,FR,119,CoalCHPPlant_CCS,Stored_CO2,8.427140892484877
2040,NO,119,CoalCHPPlant_CCS,Stored_CO2,8.571428571428573
2050,NO,119,CoalCHPPlant_CCS,Stored_CO2,3.0783564
2040,DK,119,CoalCHPPlant_CCS,Stored_CO2,14.715288000000001
2050,DK,119,CoalCHPPlant_CCS,Stored_CO2,9.1501326
2040,UK,119,CoalCHPPlant_CCS,Stored_CO2,24.730838999999996
2050,UK,119,CoalCHPPlant_CCS,Stored_CO2,25.96738095
2040,DE,120,CoalCHPPlant_CCS,Stored_CO2,5.571428571428572
2050,DE,120,CoalCHPPlant_CCS,Stored_CO2,7.3125
2030,FR,120,CoalCHPPlant_CCS,Stored_CO2,2.881843553137231
2040,FR,120,CoalCHPPlant_CCS,Stored_CO2,8.35714285714286
2050,FR,120,CoalCHPPlant_CCS,Stored_CO2,10.96875
2040,NO,120,CoalCHPPlant_CCS,Stored_CO2,8.571428571428573
2050,NO,120,CoalCHPPlant_CCS,Stored_CO2,3.1005828
2040,DK,120,CoalCHPPlant_CCS,Stored_CO2,14.794668000000001
2050,DK,120,CoalCHPPlant_CCS,Stored_CO2,9.4517766
2040,UK,120,CoalCHPPlant_CCS,Stored_CO2,29.210201194933337
2050,UK,120,CoalCHPPlant_CCS,Stored_CO2,26.182699200000002
2040,FR,2,GasCHPPlant_CCS,Stored_CO2,2.8592460000000015
2040,FR,3,GasCHPPlant_CCS,Stored_CO2,3.184703999999999
2040,FR,4,GasCHPPlant_CCS,Stored_CO2,2.1607019999999997
2040,FR,5,GasCHPPlant_CCS,Stored_CO2,0.898559999999999
2050,NO,8,GasCHPPlant_CCS,Stored_CO2,3.6895824
2050,NO,9,GasCHPPlant_CCS,Stored_CO2,3.7701531
2050,NO,10,GasCHPPlant_CCS,Stored_CO2,3.7006956000000004
2050,DK,12,GasCHPPlant_CCS,Stored_CO2,0.21829500000000124
2040,FR,13,GasCHPPlant_CCS,Stored_CO2,4.777395979724998
2050,FR,13,GasCHPPlant_CCS,Stored_CO2,8.9469501449091
2050,DE,14,GasCHPPlant_CCS,Stored_CO2,0.8506469412507159
2040,FR,14,GasCHPPlant_CCS,Stored_CO2,22.31807412352381
2050,NO,14,GasCHPPlant_CCS,Stored_CO2,3.8229407999999996
2050,DK,14,GasCHPPlant_CCS,Stored_CO2,0.21829500000000124
2050,DE,15,GasCHPPlant_CCS,Stored_CO2,15.242344156363636
2040,FR,15,GasCHPPlant_CCS,Stored_CO2,33.95920966952381
2050,NO,15,GasCHPPlant_CCS,Stored_CO2,3.8979549000000002
2050,DE,16,GasCHPPlant_CCS,Stored_CO2,21.08765396181818
2040,FR,16,GasCHPPlant_CCS,Stored_CO2,34.39579966952381
2050,FR,16,GasCHPPlant_CCS,Stored_CO2,10.9437237
2050,DE,17,GasCHPPlant_CCS,Stored_CO2,16.441965
2040,FR,17,GasCHPPlant_CCS,Stored_CO2,28.05418602752381
2050,FR,17,GasCHPPlant_CCS,Stored_CO2,0.43339320000000114
2050,NO,17,GasCHPPlant_CCS,Stored_CO2,3.88962
2050,DE,18,GasCHPPlant_CCS,Stored_CO2,20.93934983181818
2040,FR,18,GasCHPPlant_CCS,Stored_CO2,18.552854422666663
2050,FR,18,GasCHPPlant_CCS,Stored_CO2,0.6917751000000024
2050,DK,18,GasCHPPlant_CCS,Stored_CO2,0.21829500000000124
2050,DE,19,GasCHPPlant_CCS,Stored_CO2,27.118971899999995
2040,FR,19,GasCHPPlant_CCS,Stored_CO2,19.619057945523814
2050,FR,19,GasCHPPlant_CCS,Stored_CO2,11.8772325
2050,NO,19,GasCHPPlant_CCS,Stored_CO2,3.9451860000000005
2050,DE,20,GasCHPPlant_CCS,Stored_CO2,17.410638231941082
2040,FR,20,GasCHPPlant_CCS,Stored_CO2,28.25330011352381
2050,FR,20,GasCHPPlant_CCS,Stored_CO2,1.1001852000000005
2050,DE,21,GasCHPPlant_CCS,Stored_CO2,31.096281217840914
2040,FR,21,GasCHPPlant_CCS,Stored_CO2,26.16200886752381
2050,FR,21,GasCHPPlant_CCS,Stored_CO2,1.2835530000000013
2040,DE,22,GasCHPPlant_CCS,Stored_CO2,27.622638000000002
2050,DE,22,GasCHPPlant_CCS,Stored_CO2,13.311526765909093
2040,FR,22,GasCHPPlant_CCS,Stored_CO2,21.27221570066667
2050,FR,22,GasCHPPlant_CCS,Stored_CO2,1.4419161000000003
2050,NO,22,GasCHPPlant_CCS,Stored_CO2,4.0952142
2050,DK,22,GasCHPPlant_CCS,Stored_CO2,0.21829500000000124
2040,DE,23,GasCHPPlant_CCS,Stored_CO2,25.812774
2050,DE,23,GasCHPPlant_CCS,Stored_CO2,34.781537699999994
2040,FR,23,GasCHPPlant_CCS,Stored_CO2,11.176496746349994
2050,FR,23,GasCHPPlant_CCS,Stored_CO2,12.544024499999999
2050,DK,23,GasCHPPlant_CCS,Stored_CO2,0.21829500000000124
2040,DE,24,GasCHPPlant_CCS,Stored_CO2,25.145982
2050,DE,24,GasCHPPlant_CCS,Stored_CO2,34.081406099999995
2040,FR,24,GasCHPPlant_CCS,Stored_CO2,6.207600924032663
2050,FR,24,GasCHPPlant_CCS,Stored_CO2,16.79958934538395
2040,NO,24,GasCHPPlant_CCS,Stored_CO2,1.2520294109714294
2040,DE,25,GasCHPPlant_CCS,Stored_CO2,24.026723999999998
2050,DE,25,GasCHPPlant_CCS,Stored_CO2,32.906185199999996
2040,FR,25,GasCHPPlant_CCS,Stored_CO2,12.9931815748
2050,FR,25,GasCHPPlant_CCS,Stored_CO2,14.39925981146667
2050,NO,25,GasCHPPlant_CCS,Stored_CO2,4.281360299999999
2050,DK,25,GasCHPPlant_CCS,Stored_CO2,0.21829500000000124
2040,DE,26,GasCHPPlant_CCS,Stored_CO2,22.740768
2050,DE,26,GasCHPPlant_CCS,Stored_CO2,1.4322607491190922
2040,FR,26,GasCHPPlant_CCS,Stored_CO2,30.36220814685715
2050,FR,26,GasCHPPlant_CCS,Stored_CO2,17.09554434746667
2050,DK,26,GasCHPPlant_CCS,Stored_CO2,0.21829500000000124
2040,DE,27,GasCHPPlant_CCS,Stored_CO2,10.63550326581816
2040,FR,27,GasCHPPlant_CCS,Stored_CO2,3.184703999999999
2040,DE,28,GasCHPPlant_CCS,Stored_CO2,6.253727265818161
2040,FR,28,GasCHPPlant_CCS,Stored_CO2,2.1607019999999997
2040,FR,29,GasCHPPlant_CCS,Stored_CO2,0.898559999999999
2040,DE,34,GasCHPPlant_CCS,Stored_CO2,1.8320760000000007
2040,DE,35,GasCHPPlant_CCS,Stored_CO2,1.4272380000000005
2040,DE,36,GasCHPPlant_CCS,Stored_CO2,5.261292000000001
2040,DE,37,GasCHPPlant_CCS,Stored_CO2,5.046965999999999
2040,DE,38,GasCHPPlant_CCS,Stored_CO2,19.67264193920135
2040,FR,38,GasCHPPlant_CCS,Stored_CO2,1.564671230857141
2040,DE,39,GasCHPPlant_CCS,Stored_CO2,17.668385999999995
2040,FR,39,GasCHPPlant_CCS,Stored_CO2,5.3840707677658735
2040,DE,40,GasCHPPlant_CCS,Stored_CO2,16.97778
2040,FR,40,GasCHPPlant_CCS,Stored_CO2,3.2111997848571407
2040,DE,41,GasCHPPlant_CCS,Stored_CO2,14.382053999999998
2040,FR,41,GasCHPPlant_CCS,Stored_CO2,5.883016658721952
2040,DE,42,GasCHPPlant_CCS,Stored_CO2,6.1139500368
2040,DE,43,GasCHPPlant_CCS,Stored_CO2,2.070216
2040,DE,45,GasCHPPlant_CCS,Stored_CO2,3.594312
2040,DE,46,GasCHPPlant_CCS,Stored_CO2,24.425207136704763
2040,DE,47,GasCHPPlant_CCS,Stored_CO2,29.1661723471494
2040,FR,47,GasCHPPlant_CCS,Stored_CO2,5.560143660857144
2040,DE,48,GasCHPPlant_CCS,Stored_CO2,25.6360186816
2040,FR,48,GasCHPPlant_CCS,Stored_CO2,16.455148538457145
2040,FR,49,GasCHPPlant_CCS,Stored_CO2,20.442208974457145
2040,DE,65,GasCHPPlant_CCS,Stored_CO2,2.86265740217143
2040,DE,66,GasCHPPlant_CCS,Stored_CO2,0.5806045441714293
2040,DE,67,GasCHPPlant_CCS,Stored_CO2,1.050645045771428
2040,DE,68,GasCHPPlant_CCS,Stored_CO2,4.038484573404831
2040,DE,69,GasCHPPlant_CCS,Stored_CO2,5.700753213771428
2040,FR,69,GasCHPPlant_CCS,Stored_CO2,9.61657465352381
2040,DE,70,GasCHPPlant_CCS,Stored_CO2,10.066977356171428
2040,FR,70,GasCHPPlant_CCS,Stored_CO2,8.41859523952381
2040,DE,71,GasCHPPlant_CCS,Stored_CO2,15.956118456171431
2040,FR,71,GasCHPPlant_CCS,Stored_CO2,10.900386387523811
2040,DE,72,GasCHPPlant_CCS,Stored_CO2,28.508633798161934
2040,FR,72,GasCHPPlant_CCS,Stored_CO2,18.740499059523813
2040,DE,73,GasCHPPlant_CCS,Stored_CO2,13.73214148750476
2040,FR,73,GasCHPPlant_CCS,Stored_CO2,11.294395957523811
2040,DE,83,GasCHPPlant_CCS,Stored_CO2,11.27169703097143
2050,NO,83,GasCHPPlant_CCS,Stored_CO2,0.5334336000000001
2040,DE,84,GasCHPPlant_CCS,Stored_CO2,5.84681591697143
2040,FR,84,GasCHPPlant_CCS,Stored_CO2,5.095278526857143
2040,DE,88,GasCHPPlant_CCS,Stored_CO2,3.2609160000000004
2040,DE,89,GasCHPPlant_CCS,Stored_CO2,7.261667999999999
2040,FR,89,GasCHPPlant_CCS,Stored_CO2,2.4144728722576208
2040,DE,90,GasCHPPlant_CCS,Stored_CO2,5.332733999999999
2040,DE,91,GasCHPPlant_CCS,Stored_CO2,5.291651261821316
2040,DE,92,GasCHPPlant_CCS,Stored_CO2,16.552602329904758
2040,FR,92,GasCHPPlant_CCS,Stored_CO2,6.930207826857144
2040,DE,93,GasCHPPlant_CCS,Stored_CO2,16.233755924933334
2040,FR,93,GasCHPPlant_CCS,Stored_CO2,6.922644509624997
2040,DE,94,GasCHPPlant_CCS,Stored_CO2,27.98610147773333
2040,FR,94,GasCHPPlant_CCS,Stored_CO2,7.158057899711577
2050,NO,94,GasCHPPlant_CCS,Stored_CO2,2.070679590068184
2040,DE,95,GasCHPPlant_CCS,Stored_CO2,34.285196346704765
2040,FR,95,GasCHPPlant_CCS,Stored_CO2,9.272999748149996
2040,DE,96,GasCHPPlant_CCS,Stored_CO2,33.70512284337143
2040,FR,96,GasCHPPlant_CCS,Stored_CO2,13.578032117657145
2050,DK,96,GasCHPPlant_CCS,Stored_CO2,0.21829500000000124
2040,DE,97,GasCHPPlant_CCS,Stored_CO2,24.65954579270477
2040,FR,97,GasCHPPlant_CCS,Stored_CO2,0.40640400000000054
2050,NO,97,GasCHPPlant_CCS,Stored_CO2,3.2367195
2050,DK,97,GasCHPPlant_CCS,Stored_CO2,0.040000000000020464
2040,DE,98,GasCHPPlant_CCS,Stored_CO2,7.737947999999999
2040,FR,98,GasCHPPlant_CCS,Stored_CO2,0.8112420000000007
2040,DE,99,GasCHPPlant_CCS,Stored_CO2,12.810329999999999
2040,FR,99,GasCHPPlant_CCS,Stored_CO2,0.7953660000000006
2040,DE,100,GasCHPPlant_CCS,Stored_CO2,13.096098
2040,DE,101,GasCHPPlant_CCS,Stored_CO2,15.810893999999998
2050,NO,101,GasCHPPlant_CCS,Stored_CO2,3.0533517
2040,DE,102,GasCHPPlant_CCS,Stored_CO2,18.704158407562627
2050,NO,102,GasCHPPlant_CCS,Stored_CO2,2.9866724999999996
2040,DE,103,GasCHPPlant_CCS,Stored_CO2,20.223819048624687
2040,DE,104,GasCHPPlant_CCS,Stored_CO2,25.145982
2050,NO,104,GasCHPPlant_CCS,Stored_CO2,2.8922103000000003
2040,DE,105,GasCHPPlant_CCS,Stored_CO2,16.191918
2050,DE,105,GasCHPPlant_CCS,Stored_CO2,1.293809379059391
2040,FR,105,GasCHPPlant_CCS,Stored_CO2,6.721040995923807
2050,NO,105,GasCHPPlant_CCS,Stored_CO2,2.750517
2050,DK,105,GasCHPPlant_CCS,Stored_CO2,0.21829500000000124
2040,DE,106,GasCHPPlant_CCS,Stored_CO2,17.627115321250002
2050,DE,106,GasCHPPlant_CCS,Stored_CO2,11.503880184090905
2040,FR,106,GasCHPPlant_CCS,Stored_CO2,27.366835046948808
2050,DK,106,GasCHPPlant_CCS,Stored_CO2,0.21829500000000124
2040,DE,107,GasCHPPlant_CCS,Stored_CO2,21.064192485771425
2050,DE,107,GasCHPPlant_CCS,Stored_CO2,12.527354699999998
2040,FR,107,GasCHPPlant_CCS,Stored_CO2,17.603050753523814
2050,FR,107,GasCHPPlant_CCS,Stored_CO2,6.2678448
2050,NO,107,GasCHPPlant_CCS,Stored_CO2,2.5199181
2040,DE,108,GasCHPPlant_CCS,Stored_CO2,31.89796212457143
2050,DE,108,GasCHPPlant_CCS,Stored_CO2,9.1655973
2040,FR,108,GasCHPPlant_CCS,Stored_CO2,11.364183171523809
2040,NO,108,GasCHPPlant_CCS,Stored_CO2,0.03360519577142895
2040,DE,109,GasCHPPlant_CCS,Stored_CO2,36.22928434430476
2050,DE,109,GasCHPPlant_CCS,Stored_CO2,20.478849299999997
2040,FR,109,GasCHPPlant_CCS,Stored_CO2,20.144085525523813
2050,DK,109,GasCHPPlant_CCS,Stored_CO2,0.21829500000000124
2040,DE,110,GasCHPPlant_CCS,Stored_CO2,35.14220775630476
2050,DE,110,GasCHPPlant_CCS,Stored_CO2,30.880804499999996
2040,FR,110,GasCHPPlant_CCS,Stored_CO2,25.363321277523813
2050,FR,110,GasCHPPlant_CCS,Stored_CO2,8.168202
2050,NO,110,GasCHPPlant_CCS,Stored_CO2,2.7671868
2040,DE,111,GasCHPPlant_CCS,Stored_CO2,35.004978
2050,DE,111,GasCHPPlant_CCS,Stored_CO2,22.932648973630187
2040,FR,111,GasCHPPlant_CCS,Stored_CO2,32.23666366952381
2040,DE,112,GasCHPPlant_CCS,Stored_CO2,46.108301395149994
2050,DE,112,GasCHPPlant_CCS,Stored_CO2,43.3970316
2040,FR,112,GasCHPPlant_CCS,Stored_CO2,24.289294983657143
2050,NO,112,GasCHPPlant_CCS,Stored_CO2,2.8922103000000003
2040,DE,113,GasCHPPlant_CCS,Stored_CO2,39.3301199134
2050,DE,113,GasCHPPlant_CCS,Stored_CO2,38.186365212727274
2040,FR,113,GasCHPPlant_CCS,Stored_CO2,15.224569641665386
2050,FR,113,GasCHPPlant_CCS,Stored_CO2,9.501786000000001
2050,DK,113,GasCHPPlant_CCS,Stored_CO2,0.21829500000000124
2040,DE,114,GasCHPPlant_CCS,Stored_CO2,43.70236427693334
2050,DE,114,GasCHPPlant_CCS,Stored_CO2,31.444784999999996
2040,FR,114,GasCHPPlant_CCS,Stored_CO2,8.64659292090112
2050,NO,114,GasCHPPlant_CCS,Stored_CO2,2.9644461000000004
2050,DK,114,GasCHPPlant_CCS,Stored_CO2,0.21829500000000124
2040,DE,115,GasCHPPlant_CCS,Stored_CO2,37.25548910031006
2050,DE,115,GasCHPPlant_CCS,Stored_CO2,35.7317163
2040,FR,115,GasCHPPlant_CCS,Stored_CO2,4.974348179402345
2050,NO,115,GasCHPPlant_CCS,Stored_CO2,2.9866724999999996
2050,DK,115,GasCHPPlant_CCS,Stored_CO2,0.21829500000000124
2040,DE,116,GasCHPPlant_CCS,Stored_CO2,42.4668353804
2050,DE,116,GasCHPPlant_CCS,Stored_CO2,30.819667499999994
2040,NO,116,GasCHPPlant_CCS,Stored_CO2,16.03149350436692
2040,DE,117,GasCHPPlant_CCS,Stored_CO2,66.58721979816191
2050,DE,117,GasCHPPlant_CCS,Stored_CO2,44.9584506
2040,NO,117,GasCHPPlant_CCS,Stored_CO2,16.047369504366923
2050,NO,117,GasCHPPlant_CCS,Stored_CO2,3.0172338
2050,DK,117,GasCHPPlant_CCS,Stored_CO2,0.21829500000000124
2040,DE,118,GasCHPPlant_CCS,Stored_CO2,60.68134779816193
2050,DE,118,GasCHPPlant_CCS,Stored_CO2,31.444784999999996
2050,FR,118,GasCHPPlant_CCS,Stored_CO2,10.860374700000001
2040,NO,118,GasCHPPlant_CCS,Stored_CO2,16.073829504366923
2050,DK,118,GasCHPPlant_CCS,Stored_CO2,0.21829500000000124
2040,DE,119,GasCHPPlant_CCS,Stored_CO2,56.22812979816193
2050,DE,119,GasCHPPlant_CCS,Stored_CO2,26.7689061
2040,FR,119,GasCHPPlant_CCS,Stored_CO2,10.247672251563525
2050,FR,119,GasCHPPlant_CCS,Stored_CO2,11.0687472
2040,NO,119,GasCHPPlant_CCS,Stored_CO2,16.105581504366924
2050,DK,119,GasCHPPlant_CCS,Stored_CO2,0.21829500000000124
2040,DE,120,GasCHPPlant_CCS,Stored_CO2,47.98848579816193
2050,DE,120,GasCHPPlant_CCS,Stored_CO2,18.1172799
2040,FR,120,GasCHPPlant_CCS,Stored_CO2,34.602187669523815
2050,FR,120,GasCHPPlant_CCS,Stored_CO2,0.1916811000000017
2040,NO,120,GasCHPPlant_CCS,Stored_CO2,16.126749504366924
2050,NO,108,BiomassPowerPlant_CCS,Stored_CO2,1.1993670210690306
2050,DK,114,BiomassPowerPlant_CCS,Stored_CO2,1.2660642405938511
2050,DK,115,BiomassPowerPlant_CCS,Stored_CO2,1.2660642405938511
2050,NO,118,BiomassPowerPlant_CCS,Stored_CO2,2.5
2050,NO,119,BiomassPowerPlant_CCS,Stored_CO2,2.5
2050,NO,120,BiomassPowerPlant_CCS,Stored_CO2,2.5
2050,DK,120,BiomassPowerPlant_CCS,Stored_CO2,1.2660642405938511
